image_id,node_rows,reviewer_count,q1_no_pct,q1_uncertain_pct,critical_rate_all_pct,any_issue_rate_all_pct,critical_rate_q1_yes_pct,any_issue_rate_q1_yes_pct,avg_depth,avg_bbox_pct,leaf_pct
12953,5,1,0,0,80,100,80,100,1.8,58.584,80
14861,16,1,12.5,6.25,75,87.5,76.92,84.62,2.4375,29.2756,62.5
14855,27,1,7.41,0,74.07,96.3,72,96,2.963,14.3693,59.26
11323,11,1,9.09,0,72.73,90.91,70,90,1.9091,69.9164,63.64
13020,32,1,3.12,0,65.62,90.62,64.52,90.32,2.25,19.985,71.88
14504,28,1,14.29,0,64.29,78.57,58.33,75,1.9643,22.2682,78.57
14862,22,1,13.64,4.55,63.64,95.45,61.11,94.44,2.1364,18.7677,68.18
11422,11,1,0,0,63.64,81.82,63.64,81.82,1.7273,35.1373,63.64
15759,8,1,12.5,12.5,62.5,100,66.67,100,1.875,31.8738,62.5
14975,29,1,3.45,0,62.07,82.76,60.71,82.14,1.9655,19.9928,79.31
11402,43,1,16.28,2.33,60.47,81.4,54.29,77.14,1.9302,16.7147,69.77
10432,10,1,0,10,60,100,66.67,100,1.9,35.807,80
11238,12,1,0,0,58.33,75,58.33,75,1.6667,14.5608,83.33
11552,14,1,7.14,0,57.14,78.57,53.85,76.92,1.7143,15.6857,78.57
10303,7,1,14.29,0,57.14,57.14,50,50,2.5714,41.6614,42.86
11537,7,1,0,0,57.14,57.14,57.14,57.14,2.2857,30.5586,57.14
14857,9,1,0,0,55.56,77.78,55.56,77.78,1.7778,34.6878,55.56
11373,9,1,0,0,55.56,77.78,55.56,77.78,2,36,77.78
15036,9,1,22.22,11.11,55.56,66.67,50,50,1.7778,56.8867,77.78
11496,11,1,27.27,0,54.55,72.73,37.5,62.5,1.6364,28.3982,72.73
14870,57,1,7.02,0,54.39,80.7,50.94,79.25,2.3684,13.8684,66.67
14864,35,1,5.71,0,54.29,71.43,51.52,69.7,2.1143,17.0191,71.43
11184,13,1,7.69,7.69,53.85,92.31,54.55,90.91,1.6923,34.5754,76.92
12916,28,1,3.57,3.57,53.57,78.57,53.85,76.92,2.3571,17.5996,60.71
12810,56,1,1.79,1.79,53.57,76.79,53.7,75.93,2.375,16.5205,60.71
15002,17,1,11.76,0,52.94,76.47,46.67,73.33,2.0588,14.83,76.47
15823,19,1,15.79,0,52.63,73.68,43.75,68.75,2.0526,14.6258,68.42
14880,23,1,13.04,8.7,52.17,82.61,50,77.78,2.3913,10.9965,65.22
14938,37,1,2.7,0,51.35,83.78,50,83.33,2.2703,12.1411,70.27
13432,18,1,27.78,11.11,50,94.44,36.36,90.91,2,21.2789,50
14967,12,1,8.33,0,50,91.67,45.45,90.91,2.0833,12.3792,75
14611,28,1,14.29,3.57,50,85.71,43.48,82.61,2.0357,27.2311,78.57
15074,26,1,19.23,7.69,50,84.62,42.11,78.95,2,16.8662,69.23
13988,18,1,11.11,0,50,83.33,43.75,81.25,1.8333,15.7967,61.11
11269,18,1,22.22,11.11,50,83.33,41.67,75,2.1111,12.39,77.78
14941,10,1,20,10,50,80,42.86,71.43,1.9,31.262,60
11076,12,1,8.33,0,50,75,45.45,72.73,2.3333,30.6642,41.67
12098,8,1,25,0,50,75,33.33,66.67,1.625,6.2512,75
11320,40,1,15,0,50,72.5,41.18,67.65,1.85,14.8202,75
14854,10,1,0,0,50,50,50,50,1.6,42.808,80
15073,6,1,0,0,50,50,50,50,2,54.78,66.67
14872,31,1,6.45,0,48.39,90.32,44.83,89.66,2.0645,10.2532,70.97
14709,44,1,18.18,0,47.73,72.73,36.11,66.67,2.5682,15.128,59.09
15055,19,1,10.53,0,47.37,94.74,41.18,94.12,2.4737,22.9832,57.89
14514,32,1,9.38,6.25,46.88,68.75,44.44,62.96,1.9688,12.3991,68.75
15050,15,1,13.33,6.67,46.67,73.33,41.67,66.67,2.2,18.7727,80
12979,28,1,7.14,0,46.43,89.29,42.31,88.46,2.1786,24.2061,64.29
11461,39,1,2.56,2.56,46.15,89.74,45.95,89.19,2.4359,13.841,64.1
14966,39,1,10.26,0,46.15,84.62,40,82.86,2.4103,15.6867,64.1
12416,24,1,4.17,0,45.83,75,43.48,73.91,2.1667,15.1383,70.83
15006,11,1,9.09,0,45.45,63.64,40,60,1.5455,27.64,72.73
14278,31,1,6.45,0,45.16,74.19,41.38,72.41,1.9677,18.2329,70.97
11334,20,1,15,0,45,80,35.29,76.47,2.4,22.4195,70
11328,54,1,9.26,0,44.44,81.48,38.78,79.59,2.6296,11.6387,66.67
11358,18,1,11.11,0,44.44,77.78,37.5,75,2.3333,14.5911,61.11
11485,27,1,0,0,44.44,66.67,44.44,66.67,2.0741,14.6019,62.96
14337,18,1,0,0,44.44,66.67,44.44,66.67,2,14.1483,66.67
10818,16,1,6.25,6.25,43.75,87.5,42.86,85.71,2,19.3825,68.75
11505,30,1,6.67,3.33,43.33,73.33,40.74,70.37,1.7,19.592,73.33
10166,7,1,0,0,42.86,100,42.86,100,2.4286,38.8271,57.14
12822,28,1,0,0,42.86,85.71,42.86,85.71,2.2143,21.2921,60.71
10935,14,1,0,0,42.86,85.71,42.86,85.71,1.8571,24.385,71.43
11100,14,1,14.29,14.29,42.86,85.71,40,80,1.7857,16.6629,71.43
14209,7,1,14.29,14.29,42.86,85.71,40,80,1.4286,21.3914,85.71
13995,7,1,0,0,42.86,71.43,42.86,71.43,1.4286,20.5929,85.71
11077,28,1,0,0,42.86,67.86,42.86,67.86,2.3214,10.2539,67.86
12375,7,1,0,0,42.86,57.14,42.86,57.14,2.1429,40.5443,57.14
14619,14,1,7.14,0,42.86,50,38.46,46.15,1.7857,24.5293,50
13035,26,1,3.85,0,42.31,76.92,40,76,2.3077,14.8669,73.08
12805,64,1,20.31,0,42.19,67.19,27.45,58.82,2.4219,10.633,62.5
14377,19,1,5.26,0,42.11,78.95,38.89,77.78,2.2632,28.4768,68.42
11015,24,1,4.17,0,41.67,70.83,39.13,69.57,2.2917,33.0954,75
14477,29,1,0,0,41.38,82.76,41.38,82.76,2.1034,14.9707,79.31
15566,29,1,6.9,0,41.38,72.41,37.04,70.37,2.4483,28.1838,65.52
10639,51,1,1.96,1.96,41.18,78.43,40.82,77.55,2.3333,11.1804,70.59
14575,17,1,23.53,0,41.18,76.47,23.08,69.23,2.0588,14.4112,58.82
11292,44,1,11.36,0,40.91,86.36,33.33,84.62,2.7045,13.2959,65.91
15750,22,1,18.18,36.36,40.91,86.36,50,70,2,25.8945,72.73
11244,22,1,13.64,4.55,40.91,72.73,33.33,66.67,2.0909,19.2605,72.73
14743,27,1,3.7,3.7,40.74,74.07,40,72,2.4815,20.4259,62.96
15069,37,1,0,0,40.54,72.97,40.54,72.97,2.1892,9.9543,75.68
14502,47,1,4.26,0,40.43,72.34,37.78,71.11,2.6383,12.6647,65.96
11271,57,1,3.51,0,40.35,64.91,38.18,63.64,2.3158,13.7926,64.91
15049,5,1,0,0,40,100,40,100,1.6,58.9,80
15062,25,1,20,20,40,84,33.33,73.33,2.24,7.1892,80
14230,45,1,11.11,0,40,73.33,32.5,70,2.6222,21.2847,62.22
14567,10,1,0,0,40,70,40,70,2,11.933,80
11169,15,1,0,0,40,66.67,40,66.67,2.2,13.6453,73.33
11168,10,1,0,0,40,60,40,60,2.5,23.115,50
11925,10,1,20,0,40,40,25,25,1.7,30.476,80
15307,5,1,0,0,40,40,40,40,1.6,44.72,60
12073,5,1,0,0,40,40,40,40,1.8,46.618,60
11299,23,1,8.7,0,39.13,65.22,33.33,61.9,2,11.7417,69.57
14367,41,1,9.76,2.44,39.02,75.61,33.33,72.22,2.2195,14.8198,60.98
14845,18,1,0,5.56,38.89,77.78,41.18,76.47,1.8333,14.59,72.22
11390,18,1,5.56,0,38.89,55.56,35.29,52.94,2.5556,8.17,66.67
10903,31,1,6.45,0,38.71,77.42,34.48,75.86,1.6774,16.8726,77.42
12927,13,1,15.38,0,38.46,76.92,27.27,72.73,2.1538,3.5946,76.92
14338,26,1,7.69,3.85,38.46,73.08,34.78,69.57,2.6154,12.6462,69.23
11336,13,1,7.69,0,38.46,61.54,33.33,58.33,1.8462,28.49,69.23
14533,37,1,0,0,37.84,64.86,37.84,64.86,2.1892,11.8243,70.27
14820,16,1,6.25,0,37.5,81.25,33.33,80,1.875,25.9756,75
14849,16,1,0,0,37.5,75,37.5,75,1.6875,21.7206,81.25
11025,32,1,15.62,3.12,37.5,71.88,26.92,65.38,2.3438,14.3597,65.62
13169,8,1,0,0,37.5,50,37.5,50,1.875,29.8825,62.5
15126,8,1,25,0,37.5,37.5,16.67,16.67,1.875,31.3663,62.5
15725,43,1,9.3,0,37.21,65.12,30.77,61.54,2.3488,11.1923,58.14
15071,35,1,5.71,5.71,37.14,77.14,35.48,74.19,2.3429,9.5031,68.57
11241,27,1,14.81,7.41,37.04,74.07,28.57,66.67,1.7778,18.4626,74.07
12319,27,1,0,0,37.04,74.07,37.04,74.07,2.3333,12.5504,70.37
14736,27,1,7.41,0,37.04,66.67,32,64,2.0741,14.4041,70.37
14921,27,1,0,0,37.04,55.56,37.04,55.56,1.8889,12.963,70.37
10136,30,1,0,6.67,36.67,73.33,39.29,71.43,1.8333,17.6153,73.33
12146,41,1,26.83,0,36.59,41.46,13.33,20,1.9024,16.1417,65.85
11052,11,1,0,0,36.36,81.82,36.36,81.82,2.1818,11.4482,72.73
14988,33,1,6.06,0,36.36,66.67,32.26,64.52,2.3636,10.8333,72.73
10449,22,1,0,9.09,36.36,63.64,40,60,1.9545,13.4382,81.82
12204,22,1,0,0,36.36,63.64,36.36,63.64,2,17.7286,77.27
14795,22,1,0,0,36.36,54.55,36.36,54.55,2.1818,11.6623,68.18
13160,11,1,18.18,0,36.36,45.45,22.22,33.33,1.5455,18.5973,81.82
11775,11,1,18.18,0,36.36,45.45,22.22,33.33,2,16.2936,63.64
14297,58,1,6.9,1.72,36.21,74.14,32.08,71.7,2.2414,10.2219,67.24
14359,42,1,4.76,2.38,35.71,88.1,33.33,87.18,2.5238,14.7033,69.05
14557,14,1,0,0,35.71,64.29,35.71,64.29,2.6429,21.6357,57.14
11726,14,1,14.29,0,35.71,64.29,25,58.33,1.6429,34.7521,71.43
12044,28,1,21.43,0,35.71,53.57,18.18,40.91,1.8929,15.3689,67.86
15345,45,1,11.11,2.22,35.56,62.22,28.21,56.41,2.2889,13.0951,77.78
11655,31,1,9.68,0,35.48,58.06,28.57,53.57,2.5806,8.0729,61.29
15802,17,1,11.76,0,35.29,76.47,26.67,73.33,1.7059,18.3294,64.71
14990,34,1,2.94,5.88,35.29,64.71,35.48,61.29,2.0882,9.5665,70.59
12166,17,1,11.76,0,35.29,47.06,26.67,40,2.0588,14.3671,64.71
11528,20,1,15,0,35,80,23.53,76.47,1.65,16.6425,70
13754,20,1,5,0,35,40,31.58,36.84,2.15,11.111,70
15658,26,1,0,0,34.62,65.38,34.62,65.38,2.0769,17.8196,61.54
11129,26,1,7.69,0,34.62,61.54,29.17,58.33,2.4615,7.1146,69.23
11326,38,1,13.16,0,34.21,71.05,24.24,66.67,2.0263,10.5774,68.42
11494,50,1,2,0,34,64,32.65,63.27,2.32,20.743,64
14998,9,1,0,0,33.33,88.89,33.33,88.89,2.1111,40.8133,66.67
14488,15,1,6.67,0,33.33,86.67,28.57,85.71,1.8,19.5207,86.67
13284,18,1,22.22,0,33.33,77.78,14.29,71.43,2,21.8689,72.22
13016,9,1,11.11,0,33.33,77.78,25,75,2,22.7033,77.78
11265,57,1,7.02,8.77,33.33,75.44,31.25,70.83,2.614,15.3718,68.42
12706,27,1,7.41,3.7,33.33,74.07,29.17,70.83,1.963,12.123,66.67
14869,15,1,0,0,33.33,73.33,33.33,73.33,1.8667,17.1267,73.33
13979,21,1,19.05,0,33.33,71.43,17.65,64.71,3.0476,3.979,52.38
14027,42,1,9.52,0,33.33,69.05,26.32,65.79,2.4762,11.3362,61.9
10407,6,1,16.67,0,33.33,66.67,20,60,1.3333,23.325,83.33
15906,27,1,7.41,0,33.33,62.96,28,60,2.2963,13.0937,66.67
15011,15,1,6.67,0,33.33,60,28.57,57.14,1.9333,22.0727,73.33
12015,15,1,20,0,33.33,60,16.67,50,1.8667,18.7887,66.67
14536,24,1,8.33,0,33.33,58.33,27.27,54.55,3.25,14.61,66.67
14874,21,1,0,0,33.33,57.14,33.33,57.14,2.2381,11.941,71.43
11313,9,1,11.11,0,33.33,55.56,25,50,1.3333,33.1389,88.89
14781,15,1,6.67,0,33.33,53.33,28.57,50,1.8667,28.1993,60
11682,15,1,0,0,33.33,53.33,33.33,53.33,2,13.478,73.33
11420,18,1,0,0,33.33,50,33.33,50,1.4444,20.7422,77.78
14446,12,1,16.67,0,33.33,50,20,40,2,39.4058,75
13914,6,1,33.33,0,33.33,50,0,25,2.5,36.4433,83.33
15203,6,1,16.67,0,33.33,50,20,40,2.1667,62.31,66.67
12107,18,1,22.22,0,33.33,44.44,14.29,28.57,2,14.41,55.56
15797,15,1,20,0,33.33,40,16.67,25,3.5333,14.7967,73.33
12231,6,1,0,0,33.33,33.33,33.33,33.33,2,42.3867,50
15810,64,1,14.06,0,32.81,67.19,21.82,61.82,2.9531,13.7892,65.62
10591,55,1,3.64,5.45,32.73,78.18,32,76,2.8,15.6553,61.82
11065,55,1,5.45,5.45,32.73,69.09,30.61,65.31,2.4182,11.7442,63.64
10711,43,1,4.65,0,32.56,79.07,29.27,78.05,2.4186,19.0314,62.79
14375,40,1,12.5,0,32.5,82.5,22.86,80,2.325,8.4268,65
12947,40,1,5,2.5,32.5,70,29.73,67.57,2.475,16.1555,70
10472,40,1,7.5,7.5,32.5,65,29.41,58.82,2.175,14.71,67.5
12897,37,1,2.7,0,32.43,83.78,30.56,83.33,2.2432,18.4703,75.68
11172,31,1,6.45,3.23,32.26,64.52,28.57,60.71,1.7097,18.8032,70.97
14876,28,1,7.14,0,32.14,64.29,26.92,61.54,1.9286,10.3939,71.43
14748,28,1,3.57,0,32.14,46.43,29.63,44.44,2.0357,15.7907,67.86
10281,25,1,8,0,32,80,26.09,78.26,2.04,18.884,64
14353,25,1,4,0,32,60,29.17,58.33,2.08,14.6816,68
14547,25,1,12,4,32,60,23.81,52.38,2.44,8.788,72
13202,25,1,8,4,32,52,27.27,45.45,2.2,7.7952,64
15276,25,1,4,0,32,48,29.17,45.83,1.64,11.7932,80
11347,22,1,13.64,0,31.82,72.73,21.05,68.42,2.2727,9.7686,63.64
10324,22,1,4.55,0,31.82,68.18,28.57,66.67,2.5,17.6845,68.18
14960,38,1,10.53,0,31.58,84.21,23.53,82.35,2.1316,11.9513,68.42
11487,19,1,0,0,31.58,73.68,31.58,73.68,1.5263,21.3616,84.21
11260,38,1,18.42,0,31.58,57.89,16.13,48.39,2.3158,8.2803,76.32
14804,19,1,0,0,31.58,36.84,31.58,36.84,1.8947,14.6926,73.68
14928,16,1,0,0,31.25,81.25,31.25,81.25,2,17.4106,75
14056,16,1,6.25,6.25,31.25,75,28.57,71.43,1.8125,18.045,75
10534,16,1,6.25,12.5,31.25,75,30.77,69.23,1.875,17.8944,62.5
11227,16,1,0,0,31.25,75,31.25,75,2.5625,10.6575,75
11538,48,1,12.5,0,31.25,68.75,21.43,64.29,2.3125,10.7421,68.75
13159,16,1,12.5,18.75,31.25,56.25,27.27,36.36,1.8125,5.1275,62.5
10145,29,1,6.9,6.9,31.03,62.07,28,56,1.5862,13.67,68.97
11272,42,1,9.52,2.38,30.95,78.57,24.32,75.68,2.2857,10.0926,71.43
11667,13,1,0,0,30.77,84.62,30.77,84.62,1.9231,23.5285,61.54
15392,39,1,2.56,0,30.77,79.49,28.95,78.95,2.4359,13.2385,64.1
14986,13,1,0,0,30.77,76.92,30.77,76.92,3.1538,11.9131,61.54
11349,39,1,2.56,5.13,30.77,74.36,30.56,72.22,2.3846,13.0303,76.92
14430,13,1,7.69,0,30.77,69.23,25,66.67,2.1538,13.5215,84.62
11195,13,1,7.69,0,30.77,61.54,25,58.33,1.5385,16.09,76.92
14662,13,1,7.69,0,30.77,53.85,25,50,1.6154,15.2354,69.23
11825,13,1,15.38,0,30.77,53.85,18.18,45.45,2,35.2462,84.62
10471,23,1,8.7,4.35,30.43,73.91,25,70,1.913,15.4091,78.26
15876,23,1,13.04,8.7,30.43,73.91,22.22,66.67,2.0435,13.9204,69.57
10928,23,1,13.04,0,30.43,65.22,20,60,2.1739,28.8687,60.87
10966,43,1,4.65,0,30.23,67.44,26.83,65.85,2.2558,18.1335,74.42
14493,43,1,6.98,0,30.23,65.12,25,62.5,2.2791,8.8379,69.77
10130,53,1,5.66,1.89,30.19,73.58,26.53,71.43,2.5283,29.9602,66.04
15895,20,1,15,10,30,70,20,60,2,15.0535,75
10925,30,1,20,6.67,30,63.33,13.64,50,2.2667,7.0047,63.33
12923,10,1,10,0,30,60,22.22,55.56,2,30.932,70
15185,10,1,10,0,30,60,22.22,55.56,1.6,18.206,80
11812,20,1,5,5,30,55,27.78,50,2,13.941,70
10245,10,1,10,0,30,50,22.22,44.44,1.5,16.54,70
12993,37,1,0,0,29.73,67.57,29.73,67.57,1.9189,8.8784,70.27
14321,37,1,8.11,0,29.73,67.57,23.53,64.71,2.2432,19.1443,67.57
14591,37,1,5.41,0,29.73,59.46,25.71,57.14,2.4054,20.1268,67.57
10405,27,1,11.11,22.22,29.63,74.07,27.78,61.11,2.4074,11.1785,66.67
15070,17,1,0,0,29.41,76.47,29.41,76.47,1.8824,23.63,70.59
13000,34,1,5.88,0,29.41,58.82,25,56.25,2.2353,11.1709,67.65
11282,17,1,5.88,0,29.41,47.06,25,43.75,2.2353,30.7353,64.71
11677,17,1,17.65,0,29.41,47.06,14.29,35.71,1.6471,17.3818,82.35
12471,41,1,9.76,9.76,29.27,80.49,24.24,75.76,2.122,6.6351,73.17
11029,65,1,7.69,0,29.23,66.15,23.33,63.33,2.8462,9.8398,63.08
14798,24,1,16.67,0,29.17,50,15,40,2.4167,48.4529,62.5
10484,31,1,12.9,9.68,29.03,87.1,20.83,83.33,1.8387,18.4723,77.42
13040,31,1,0,0,29.03,61.29,29.03,61.29,1.871,11.6106,67.74
10318,38,1,5.26,0,28.95,76.32,25,75,1.7895,13.7689,76.32
11374,7,1,0,0,28.57,85.71,28.57,85.71,2.4286,28.9171,71.43
14892,42,1,9.52,2.38,28.57,78.57,21.62,75.68,2.5,11.6248,71.43
15346,21,1,0,0,28.57,71.43,28.57,71.43,1.5714,14.8257,76.19
13031,7,1,0,0,28.57,71.43,28.57,71.43,1.4286,16.3957,57.14
14470,28,1,7.14,0,28.57,64.29,23.08,61.54,2.3929,15.365,64.29
11107,42,1,2.38,4.76,28.57,61.9,28.21,58.97,1.9048,11.3383,69.05
11605,21,1,4.76,4.76,28.57,61.9,26.32,57.89,2.1429,31.4876,57.14
13578,14,1,7.14,0,28.57,57.14,23.08,53.85,1.7143,12.6529,71.43
11304,14,1,7.14,0,28.57,57.14,23.08,53.85,1.7143,16.8279,64.29
14707,7,1,0,0,28.57,57.14,28.57,57.14,2.1429,8.1829,71.43
15032,7,1,14.29,0,28.57,57.14,16.67,50,1.1429,27.2471,85.71
12357,7,1,0,0,28.57,57.14,28.57,57.14,2.1429,26.6786,57.14
13944,42,1,2.38,2.38,28.57,50,27.5,47.5,2.0952,14.7176,71.43
13904,35,1,2.86,0,28.57,45.71,26.47,44.12,2.2,33.2749,57.14
15469,46,1,0,0,28.26,76.09,28.26,76.09,2.587,17.6852,69.57
11519,32,1,3.12,3.12,28.12,68.75,26.67,66.67,1.8438,12.1575,68.75
11720,32,1,15.62,0,28.12,46.88,14.81,37.04,1.9375,15.9522,78.12
14726,57,1,10.53,0,28.07,75.44,19.61,72.55,2.7719,14.5737,63.16
11258,57,1,1.75,1.75,28.07,56.14,27.27,54.55,2.7193,9.166,68.42
10445,25,1,12,0,28,56,18.18,50,2.28,26.8988,60
13650,18,1,5.56,0,27.78,72.22,23.53,70.59,1.7222,17.9711,77.78
15652,36,1,0,0,27.78,69.44,27.78,69.44,2.1667,15.4181,77.78
14283,18,1,5.56,5.56,27.78,55.56,25,50,2.4444,19.7833,72.22
14290,29,1,6.9,0,27.59,58.62,22.22,55.56,2.5172,11.9903,62.07
11159,22,1,4.55,0,27.27,81.82,23.81,80.95,1.5909,15.4114,77.27
11138,22,1,9.09,0,27.27,72.73,20,70,2.2273,16.0045,63.64
10766,11,1,0,0,27.27,72.73,27.27,72.73,2,26.5064,63.64
11188,11,1,0,0,27.27,72.73,27.27,72.73,1.5455,16.8545,72.73
10196,11,1,0,9.09,27.27,63.64,30,60,1.5455,22.8855,63.64
12249,11,1,18.18,0,27.27,63.64,11.11,55.56,1.6364,38.6664,81.82
11948,22,1,18.18,0,27.27,45.45,11.11,33.33,1.8636,20.9109,68.18
11181,11,1,0,0,27.27,36.36,27.27,36.36,1.7273,6.6427,72.73
13832,11,1,9.09,0,27.27,27.27,20,20,1.7273,35.3845,72.73
11968,48,1,16.67,0,27.08,45.83,12.5,35,2.5208,11.9173,64.58
15586,37,1,10.81,0,27.03,56.76,18.18,51.52,2.4865,16.7608,62.16
13127,26,1,11.54,3.85,26.92,65.38,18.18,59.09,2,13.4454,65.38
14108,26,1,11.54,0,26.92,61.54,17.39,56.52,1.9231,14.5715,65.38
12115,41,1,14.63,2.44,26.83,58.54,14.71,50,2.2439,13.2239,70.73
11041,30,1,6.67,3.33,26.67,76.67,22.22,74.07,2.4667,16.6183,73.33
15008,15,1,13.33,13.33,26.67,73.33,18.18,63.64,2,15.8533,73.33
10867,15,1,6.67,0,26.67,53.33,21.43,50,2,15.6347,73.33
12156,15,1,6.67,0,26.67,53.33,21.43,50,1.5333,14.008,80
10716,15,1,0,0,26.67,40,26.67,40,2.4,11.3793,53.33
15195,49,1,6.12,0,26.53,55.1,21.74,52.17,2.898,20.0131,65.31
13124,34,1,2.94,26.47,26.47,88.24,33.33,83.33,2.3824,14.4535,64.71
14008,19,1,10.53,0,26.32,68.42,17.65,64.71,1.9474,18.8089,84.21
14543,19,1,0,0,26.32,68.42,26.32,68.42,1.8947,25.2689,68.42
15486,57,1,17.54,1.75,26.32,63.16,10.87,54.35,2.0877,11.5502,63.16
12887,38,1,7.89,5.26,26.32,57.89,21.21,51.52,1.7105,9.8782,73.68
14807,38,1,5.26,0,26.32,57.89,22.22,55.56,2.5789,15.8487,65.79
13565,19,1,0,0,26.32,57.89,26.32,57.89,1.5789,19.0963,78.95
11305,38,1,5.26,2.63,26.32,55.26,22.86,51.43,1.7105,8.0076,65.79
11262,38,1,5.26,5.26,26.32,52.63,23.53,47.06,1.8684,9.2087,71.05
15297,19,1,10.53,0,26.32,47.37,17.65,41.18,2.0526,29.8484,63.16
12181,19,1,0,0,26.32,47.37,26.32,47.37,2.3158,15.5774,57.89
12169,19,1,5.26,0,26.32,42.11,22.22,38.89,2.1053,17.0768,68.42
12158,19,1,5.26,0,26.32,31.58,22.22,27.78,2,9.3211,73.68
14282,23,1,17.39,4.35,26.09,69.57,11.11,61.11,1.6957,16.6048,69.57
13144,46,1,10.87,8.7,26.09,60.87,18.92,51.35,2.1087,13.64,67.39
12313,23,1,4.35,0,26.09,52.17,22.73,50,2.0435,9.3661,56.52
12093,27,1,11.11,0,25.93,44.44,16.67,37.5,1.7037,17.4519,81.48
10205,58,1,5.17,6.9,25.86,58.62,23.53,52.94,2.2759,7.5005,70.69
12861,62,1,1.61,3.23,25.81,80.65,25.42,79.66,2.4355,11.7673,62.9
11004,31,1,6.45,0,25.81,61.29,20.69,58.62,2.1935,16.0932,70.97
10566,31,1,3.23,3.23,25.81,58.06,24.14,55.17,2.3226,38.0332,61.29
11080,31,1,9.68,9.68,25.81,58.06,20,48,2.1935,14.2755,74.19
10358,47,1,14.89,8.51,25.53,68.09,13.89,58.33,2.3191,7.0828,68.09
10822,12,1,0,0,25,100,25,100,1.8333,19.73,75
14526,24,1,4.17,0,25,75,21.74,73.91,2.1667,12.4675,70.83
14352,20,1,0,0,25,75,25,75,1.75,15.8625,75
10785,16,1,6.25,6.25,25,68.75,21.43,64.29,1.9375,10.7119,75
13132,36,1,19.44,8.33,25,66.67,7.69,53.85,2.4722,10.0375,63.89
10539,20,1,5,0,25,65,21.05,63.16,1.8,18.462,65
12938,36,1,2.78,0,25,63.89,22.86,62.86,2.2222,15.1794,61.11
14494,40,1,5,0,25,60,21.05,57.89,2.4,14.8935,65
15595,20,1,15,0,25,60,11.76,52.94,2,9.655,70
11158,20,1,5,0,25,60,21.05,57.89,1.8,10.93,75
14412,24,1,0,0,25,58.33,25,58.33,2.8333,16.0479,54.17
10733,12,1,8.33,0,25,58.33,18.18,54.55,1.6667,19.4017,75
10701,60,1,1.67,0,25,56.67,23.73,55.93,2.2833,28.1225,70
14248,20,1,20,0,25,55,6.25,43.75,2.25,22.5185,60
13893,20,1,5,10,25,50,23.53,41.18,2.05,24.5885,65
13967,16,1,6.25,0,25,50,20,46.67,2,20.6681,62.5
15259,16,1,0,0,25,50,25,50,1.625,21.3581,75
15870,24,1,8.33,0,25,45.83,18.18,40.91,1.875,14.6633,70.83
11361,12,1,0,0,25,41.67,25,41.67,2.4167,25.165,66.67
10256,8,1,0,0,25,37.5,25,37.5,1.625,22.0875,75
15525,8,1,0,0,25,37.5,25,37.5,1.5,25.8175,87.5
13320,12,1,0,0,25,33.33,25,33.33,2.0833,24.7792,58.33
14034,12,1,25,0,25,33.33,0,11.11,2.0833,21.8683,66.67
11702,12,1,0,0,25,33.33,25,33.33,1.5833,10.6742,83.33
11198,49,1,6.12,0,24.49,44.9,19.57,41.3,2.2449,14.2427,61.22
14125,41,1,9.76,0,24.39,68.29,16.22,64.86,2.8537,28.499,60.98
15524,37,1,2.7,0,24.32,56.76,22.22,55.56,1.8649,20.7584,70.27
10275,33,1,9.09,3.03,24.24,57.58,17.24,51.72,2.2121,26.2558,69.7
10691,33,1,6.06,3.03,24.24,39.39,20,33.33,2.0606,9.0085,63.64
10645,29,1,6.9,0,24.14,48.28,18.52,44.44,2,13.8755,62.07
11570,29,1,0,0,24.14,48.28,24.14,48.28,1.8621,13.0552,62.07
14774,29,1,17.24,0,24.14,34.48,8.33,20.83,1.6897,9.5821,68.97
14750,25,1,12,0,24,52,13.64,45.45,2.28,8.1192,64
13332,42,1,2.38,0,23.81,83.33,21.95,82.93,2.2381,14.796,69.05
10495,21,1,4.76,4.76,23.81,80.95,21.05,78.95,2.0952,12.6724,76.19
12895,21,1,4.76,0,23.81,71.43,20,70,2.1905,29.35,57.14
12735,21,1,4.76,0,23.81,61.9,20,60,1.7143,39.29,66.67
10621,42,1,4.76,4.76,23.81,59.52,21.05,55.26,2.0714,13.8329,66.67
12209,21,1,19.05,0,23.81,57.14,5.88,47.06,2.2381,19.4052,71.43
15558,42,1,16.67,2.38,23.81,54.76,8.82,44.12,2.5,17.0948,61.9
14733,42,1,9.52,2.38,23.81,52.38,16.22,45.95,2,13.2402,69.05
13290,59,1,3.39,8.47,23.73,59.32,23.08,53.85,2.5424,11.1364,61.02
15302,38,1,5.26,0,23.68,71.05,19.44,69.44,2.3158,19.8697,68.42
15528,17,1,0,0,23.53,82.35,23.53,82.35,2.5882,14.9065,70.59
13983,51,1,5.88,0,23.53,68.63,18.75,66.67,2.1765,13.4108,64.71
10420,17,1,5.88,5.88,23.53,64.71,20,60,2.1176,23.7247,70.59
14432,17,1,5.88,0,23.53,58.82,18.75,56.25,1.5294,25.5959,70.59
13045,17,1,0,0,23.53,52.94,23.53,52.94,1.4706,18.8535,76.47
13938,17,1,0,11.76,23.53,52.94,26.67,46.67,1.7059,17.91,82.35
14677,17,1,5.88,0,23.53,47.06,18.75,43.75,2.1176,15.0747,70.59
12825,30,1,10,0,23.33,66.67,14.81,62.96,1.8,11.5207,76.67
15356,30,1,13.33,0,23.33,63.33,11.54,57.69,2.4333,11.6033,63.33
10540,30,1,6.67,0,23.33,60,17.86,57.14,1.7667,8.488,80
15268,30,1,6.67,3.33,23.33,53.33,18.52,48.15,2.0667,17.4987,76.67
11591,30,1,6.67,3.33,23.33,53.33,18.52,48.15,2.2333,8.1327,66.67
13121,43,1,2.33,9.3,23.26,58.14,23.68,52.63,2.6512,11.7133,65.12
13525,13,1,7.69,0,23.08,92.31,16.67,91.67,2.3077,17.3677,69.23
11147,13,1,0,23.08,23.08,84.62,30,80,1.6154,33.3815,76.92
10440,13,1,7.69,15.38,23.08,76.92,10,70,2.2308,11.9354,76.92
12896,13,1,0,0,23.08,69.23,23.08,69.23,1.3846,11.0023,84.62
15565,13,1,0,0,23.08,69.23,23.08,69.23,2.5385,21.7231,69.23
11403,13,1,0,0,23.08,69.23,23.08,69.23,1.7692,31.7438,69.23
12884,26,1,7.69,0,23.08,65.38,16.67,62.5,1.8077,15.2877,76.92
15366,13,1,0,0,23.08,61.54,23.08,61.54,2.1538,18.2238,53.85
13490,13,1,7.69,7.69,23.08,46.15,18.18,36.36,1.6154,28.1608,69.23
10627,13,1,7.69,0,23.08,46.15,16.67,41.67,2.3846,9.4615,84.62
15794,48,1,8.33,2.08,22.92,50,16.28,44.19,2.1042,13.1123,66.67
12809,35,1,0,0,22.86,62.86,22.86,62.86,2.1714,13.4266,68.57
14969,35,1,2.86,0,22.86,42.86,20.59,41.18,2.6571,9.9203,62.86
12154,35,1,8.57,0,22.86,37.14,15.62,31.25,1.6571,6.9177,77.14
15881,22,1,9.09,9.09,22.73,72.73,16.67,66.67,2.7273,17.45,59.09
10851,22,1,9.09,0,22.73,54.55,15,50,2.3636,14.1105,50
14730,44,1,6.82,2.27,22.73,45.45,17.5,40,1.9318,11.6275,65.91
11576,53,1,7.55,3.77,22.64,62.26,17.02,57.45,2.6981,14.9802,67.92
15757,40,1,10,12.5,22.5,57.5,16.13,45.16,2.025,11.3667,67.5
10114,40,1,2.5,0,22.5,55,20.51,53.85,1.85,9.4992,67.5
14562,40,1,0,0,22.5,52.5,22.5,52.5,2.35,8.0165,75
13428,9,1,11.11,11.11,22.22,88.89,14.29,85.71,1.7778,37.2589,77.78
13285,27,1,7.41,7.41,22.22,62.96,17.39,56.52,1.8889,18.387,74.07
15514,36,1,5.56,0,22.22,55.56,17.65,52.94,2.5556,19.1697,69.44
13482,18,1,5.56,0,22.22,55.56,17.65,52.94,2.7778,20.0872,61.11
14970,9,1,0,0,22.22,55.56,22.22,55.56,2.4444,23.3744,77.78
11525,9,1,0,0,22.22,55.56,22.22,55.56,2.5556,11.1178,55.56
12933,36,1,2.78,0,22.22,52.78,20,51.43,2.1667,10.4067,69.44
14644,18,1,0,5.56,22.22,44.44,23.53,41.18,1.8889,15.5906,66.67
12620,18,1,0,0,22.22,44.44,22.22,44.44,1.7222,20.2822,83.33
13714,9,1,0,0,22.22,44.44,22.22,44.44,1.4444,17.4089,77.78
14475,9,1,0,0,22.22,44.44,22.22,44.44,2.1111,25.7856,66.67
12750,9,1,0,0,22.22,44.44,22.22,44.44,1.5556,33.4589,88.89
10222,18,1,11.11,0,22.22,38.89,12.5,31.25,1.8333,31.4783,66.67
12448,18,1,11.11,0,22.22,38.89,12.5,31.25,1.9444,19.44,72.22
13235,18,1,16.67,0,22.22,33.33,6.67,20,2.3333,14.115,66.67
11495,9,1,0,0,22.22,33.33,22.22,33.33,1.8889,25.2278,66.67
11719,9,1,22.22,0,22.22,33.33,0,14.29,2.6667,22.8389,66.67
12109,41,1,4.88,0,21.95,51.22,17.95,48.72,2.2439,12.2537,65.85
12047,41,1,9.76,0,21.95,48.78,13.51,43.24,1.9512,11.0232,70.73
14756,41,1,2.44,0,21.95,43.9,20,42.5,2.7073,7.9868,68.29
10442,32,1,9.38,3.12,21.88,75,14.29,71.43,2.3125,33.8569,75
12983,32,1,9.38,0,21.88,71.88,13.79,68.97,1.7188,10.3912,68.75
12795,32,1,6.25,0,21.88,56.25,16.67,53.33,2.6562,3.0722,65.62
13900,23,1,4.35,21.74,21.74,43.48,23.53,23.53,2.3043,6.6504,60.87
13198,42,1,2.38,14.29,21.43,66.67,22.86,60,2.0238,10.7012,69.05
11554,14,1,0,0,21.43,64.29,21.43,64.29,2,22.1371,64.29
10614,14,1,7.14,14.29,21.43,57.14,18.18,45.45,1.7143,23.8843,78.57
11205,28,1,0,0,21.43,50,21.43,50,2.0714,14.7229,71.43
15183,14,1,14.29,0,21.43,50,8.33,41.67,1.7857,26.3557,64.29
15850,14,1,7.14,0,21.43,50,15.38,46.15,2,18.0179,57.14
12756,14,1,7.14,0,21.43,50,15.38,46.15,2.0714,18.9579,78.57
15113,14,1,7.14,0,21.43,28.57,15.38,23.08,1.8571,27.7086,78.57
14844,14,1,0,0,21.43,21.43,21.43,21.43,2.6429,7.8729,57.14
14306,47,1,2.13,0,21.28,48.94,19.57,47.83,1.8085,10.2181,70.21
13258,33,1,3.03,12.12,21.21,66.67,21.43,60.71,2.0909,9.2597,75.76
12784,33,1,3.03,3.03,21.21,60.61,19.35,58.06,2.303,17.4312,63.64
14244,52,1,9.62,0,21.15,63.46,12.77,59.57,2.3077,17.8019,59.62
14175,52,1,15.38,0,21.15,50,6.82,40.91,2.3269,7.4456,71.15
15085,19,1,5.26,0,21.05,73.68,16.67,72.22,1.5789,24.99,73.68
13992,19,1,0,0,21.05,68.42,21.05,68.42,1.6316,17.1258,73.68
10698,19,1,10.53,0,21.05,63.16,11.76,58.82,2.3158,11.0679,68.42
15733,19,1,0,0,21.05,57.89,21.05,57.89,2.6316,1.8921,68.42
10981,19,1,5.26,0,21.05,57.89,16.67,55.56,2.1579,18.5584,57.89
14592,19,1,0,0,21.05,47.37,21.05,47.37,2.2105,15.7495,68.42
11316,19,1,5.26,5.26,21.05,42.11,17.65,35.29,2.1579,16.7842,63.16
13352,24,1,12.5,0,20.83,62.5,9.52,57.14,2.2083,14.1083,58.33
10430,24,1,0,0,20.83,62.5,20.83,62.5,1.7083,16.94,75
14073,24,1,4.17,4.17,20.83,54.17,18.18,50,1.9167,15.0025,75
15097,24,1,4.17,0,20.83,45.83,17.39,43.48,1.9583,17.6179,75
11742,24,1,4.17,4.17,20.83,29.17,18.18,22.73,1.875,9.8367,62.5
10265,29,1,6.9,3.45,20.69,79.31,15.38,76.92,2.2069,13.3455,65.52
15382,29,1,3.45,0,20.69,37.93,17.86,35.71,2.6207,12.6693,65.52
15772,34,1,11.76,0,20.59,58.82,10,53.33,2.3824,20.3941,64.71
12876,34,1,8.82,0,20.59,55.88,12.9,51.61,2,9.3594,70.59
11818,34,1,8.82,0,20.59,35.29,12.9,29.03,2.0882,14.3515,73.53
14653,39,1,7.69,0,20.51,43.59,13.89,38.89,1.9487,8.6241,76.92
12669,44,1,6.82,0,20.45,61.36,14.63,58.54,2.4318,11.8918,72.73
12059,44,1,9.09,0,20.45,56.82,12.5,52.5,2.2955,13.5093,59.09
14974,10,1,0,0,20,90,20,90,1.9,22.394,70
13524,10,1,0,0,20,80,20,80,1.7,25.237,60
13529,15,1,6.67,6.67,20,73.33,15.38,69.23,2.2,18.9813,66.67
10123,25,1,0,0,20,64,20,64,2.76,10.5512,72
10211,25,1,0,0,20,64,20,64,1.8,23.0676,80
15301,25,1,0,0,20,60,20,60,2,18.1764,72
11231,20,1,10,0,20,60,11.11,55.56,1.85,21.253,80
12827,15,1,6.67,0,20,60,14.29,57.14,2.1333,22.1353,60
10720,15,1,20,0,20,60,0,50,1.6667,24.1487,73.33
12883,5,1,0,0,20,60,20,60,1.4,21.47,80
14537,30,1,3.33,0,20,56.67,17.24,55.17,2.7667,4.451,63.33
15859,30,1,16.67,6.67,20,53.33,4.35,39.13,2,20.4837,76.67
15391,15,1,6.67,0,20,53.33,14.29,50,1.8,10.7793,66.67
13986,10,1,0,10,20,50,22.22,44.44,1.9,20.84,70
14265,25,1,0,0,20,48,20,48,2.04,12.1704,64
14764,15,1,6.67,0,20,46.67,14.29,42.86,2.2,24.5947,53.33
11680,15,1,0,6.67,20,46.67,21.43,42.86,2.2,21.0933,53.33
11707,15,1,13.33,0,20,46.67,7.69,38.46,2.0667,25.1853,80
12966,20,1,10,5,20,45,11.76,35.29,2.65,15.3305,50
15109,20,1,0,0,20,45,20,45,1.85,13.1075,75
15839,20,1,10,0,20,45,11.11,38.89,1.65,30.012,60
10581,35,1,2.86,0,20,42.86,17.65,41.18,1.9714,15.52,62.86
14801,25,1,8,0,20,40,13.04,34.78,2.12,14.0544,60
12792,15,1,0,0,20,40,20,40,1.8667,15.71,73.33
13901,40,1,7.5,2.5,20,30,13.89,22.22,2.75,12.4455,70
10545,61,1,3.28,3.28,19.67,80.33,17.54,78.95,2.2623,10.1064,65.57
10176,46,1,2.17,6.52,19.57,80.43,19.05,78.57,2.2391,12,78.26
15472,46,1,2.17,0,19.57,69.57,17.78,68.89,2.587,18.7389,65.22
11401,41,1,2.44,0,19.51,53.66,17.5,52.5,2.2683,6.3941,68.29
12155,41,1,7.32,2.44,19.51,41.46,13.51,35.14,2.0732,14.4193,68.29
11796,41,1,7.32,0,19.51,24.39,13.16,18.42,2.439,10.0559,68.29
14083,36,1,11.11,0,19.44,72.22,9.38,68.75,2.6389,27.625,66.67
10920,36,1,8.33,0,19.44,63.89,12.12,60.61,2.25,15.5581,77.78
15017,31,1,12.9,3.23,19.35,48.39,7.69,38.46,2.3871,8.7219,64.52
14818,31,1,9.68,0,19.35,45.16,10.71,39.29,2.5806,6.7542,64.52
13550,57,1,5.26,1.75,19.3,77.19,15.09,75.47,2.2456,10.5679,70.18
14824,26,1,11.54,0,19.23,57.69,8.7,52.17,2.5769,23.6154,65.38
12424,26,1,3.85,0,19.23,57.69,16,56,2.4615,17.6823,65.38
10496,26,1,3.85,3.85,19.23,53.85,16.67,50,1.9231,6.8965,69.23
14773,26,1,7.69,7.69,19.23,50,13.64,40.91,2.5,15.7904,76.92
11182,47,1,2.13,0,19.15,34.04,17.39,32.61,2.0213,11.7185,74.47
15386,42,1,2.38,0,19.05,66.67,17.07,65.85,2.2143,11.3352,61.9
14769,21,1,14.29,0,19.05,61.9,5.56,55.56,2.7143,28.2381,66.67
13140,42,1,7.14,7.14,19.05,57.14,13.89,50,2.0476,13.14,66.67
10232,21,1,4.76,4.76,19.05,57.14,15.79,52.63,2.4286,20.2057,52.38
13195,21,1,9.52,4.76,19.05,47.62,11.11,38.89,2.2381,15.22,61.9
11233,21,1,0,0,19.05,47.62,19.05,47.62,1.8571,12.9967,66.67
15764,37,1,2.7,2.7,18.92,64.86,17.14,62.86,2.5946,17.2259,67.57
11931,37,1,8.11,0,18.92,62.16,11.76,58.82,2.1351,12.8227,70.27
13603,74,1,4.05,0,18.92,59.46,15.49,57.75,2.3108,10.4916,68.92
10769,16,1,6.25,0,18.75,56.25,13.33,53.33,2.0625,12.8006,68.75
10248,16,1,12.5,0,18.75,50,7.14,42.86,2.875,18.9975,62.5
14691,16,1,0,0,18.75,50,18.75,50,3.3125,11.5519,68.75
15198,32,1,6.25,0,18.75,40.62,13.33,36.67,2.0312,15.7941,71.88
10498,43,1,6.98,18.6,18.6,53.49,15.62,37.5,3.0465,10.4367,65.12
14635,70,1,10,0,18.57,47.14,9.52,41.27,2.2571,13.6359,64.29
14070,27,1,0,0,18.52,48.15,18.52,48.15,2.2593,18.2941,66.67
15140,27,1,3.7,0,18.52,44.44,15.38,42.31,2.2963,17.4837,62.96
12085,27,1,14.81,0,18.52,44.44,4.35,34.78,2.2963,11.7593,74.07
12103,27,1,3.7,0,18.52,37.04,15.38,34.62,1.6296,15.5696,70.37
13797,27,1,0,0,18.52,25.93,18.52,25.93,2.7407,19.6707,74.07
11209,49,1,6.12,0,18.37,48.98,13.04,45.65,2.102,8.7251,71.43
13150,11,1,0,9.09,18.18,81.82,20,80,1.9091,6.6036,72.73
10444,11,1,0,9.09,18.18,81.82,20,80,1.7273,21.2473,72.73
12570,44,1,2.27,4.55,18.18,65.91,17.07,63.41,2.1364,7.7966,68.18
14357,11,1,9.09,0,18.18,63.64,10,60,1.7273,14.2291,72.73
15614,11,1,0,0,18.18,63.64,18.18,63.64,1.7273,15.6545,81.82
10858,11,1,9.09,9.09,18.18,63.64,11.11,55.56,1.8182,42.2182,72.73
15690,22,1,13.64,0,18.18,54.55,5.26,47.37,2,24.1091,77.27
12034,11,1,0,0,18.18,45.45,18.18,45.45,1.8182,29.0073,63.64
14740,44,1,4.55,2.27,18.18,40.91,14.63,36.59,2.7955,6.4891,63.64
11618,22,1,9.09,0,18.18,40.91,10,35,2.1818,13.4991,72.73
12382,22,1,0,0,18.18,36.36,18.18,36.36,2.0909,15.4627,59.09
15112,11,1,9.09,0,18.18,36.36,10,30,1.8182,16.6264,81.82
12455,11,1,0,0,18.18,27.27,18.18,27.27,1.5455,26.0855,63.64
13300,11,1,0,0,18.18,18.18,18.18,18.18,1.5455,23.7555,72.73
11360,39,1,5.13,0,17.95,64.1,13.51,62.16,1.641,9.4597,66.67
15610,39,1,2.56,0,17.95,35.9,15.79,34.21,2.1282,12.0315,69.23
13969,28,1,3.57,0,17.86,57.14,14.81,55.56,2.1429,20.1511,75
14683,28,1,7.14,0,17.86,46.43,11.54,42.31,2.2857,8.4557,67.86
11826,45,1,6.67,0,17.78,55.56,11.9,52.38,2.2444,20.6733,64.44
10142,17,1,0,0,17.65,64.71,17.65,64.71,1.9412,12.9418,70.59
13473,17,1,0,0,17.65,64.71,17.65,64.71,2.0588,19.1447,70.59
14271,17,1,0,0,17.65,64.71,17.65,64.71,2.1176,17.9735,70.59
10319,17,1,0,0,17.65,58.82,17.65,58.82,1.9412,13.8029,70.59
12182,17,1,5.88,0,17.65,52.94,12.5,50,2.7059,15.9888,70.59
10683,34,1,0,5.88,17.65,44.12,18.75,40.62,1.9706,6.7268,70.59
12434,17,1,5.88,0,17.65,41.18,12.5,37.5,1.8235,12.2024,88.24
12464,17,1,11.76,0,17.65,41.18,6.67,33.33,2.2353,18.7482,70.59
12241,17,1,0,0,17.65,35.29,17.65,35.29,2.1176,13.0624,70.59
13278,17,1,5.88,5.88,17.65,29.41,13.33,20,2,9.0188,70.59
13789,17,1,11.76,0,17.65,23.53,6.67,13.33,2.5882,15.2482,58.82
14766,17,1,11.76,0,17.65,23.53,6.67,13.33,2.3529,10.7406,70.59
12240,57,1,7.02,1.75,17.54,38.6,11.54,32.69,2.1228,11.1719,70.18
15599,23,1,4.35,0,17.39,65.22,13.64,63.64,2.1304,18.5683,73.91
10877,46,1,2.17,0,17.39,63.04,15.56,62.22,2.2174,12.2583,69.57
11506,23,1,4.35,8.7,17.39,56.52,15,50,2.1304,15.4039,56.52
15846,23,1,8.7,0,17.39,34.78,9.52,28.57,2.1739,5.0413,73.91
13176,29,1,6.9,3.45,17.24,51.72,11.54,46.15,2.2069,11.3279,68.97
15379,35,1,0,0,17.14,68.57,17.14,68.57,2,12.0774,80
13220,35,1,0,11.43,17.14,62.86,19.35,58.06,2.1714,18.3749,71.43
15826,35,1,2.86,0,17.14,48.57,14.71,47.06,2.4857,16.6586,65.71
10243,35,1,0,0,17.14,45.71,17.14,45.71,2.0857,12.0189,71.43
14335,35,1,2.86,2.86,17.14,45.71,15.15,42.42,1.8857,7.5406,68.57
11229,41,1,7.32,0,17.07,46.34,10.53,42.11,2.561,10.0668,58.54
13909,41,1,4.88,0,17.07,34.15,12.82,30.77,1.9756,11.341,70.73
12333,47,1,4.26,0,17.02,57.45,13.33,55.56,2.3191,22.1257,65.96
15883,53,1,7.55,3.77,16.98,67.92,10.64,63.83,2.6226,12.1108,69.81
10702,12,1,0,0,16.67,83.33,16.67,83.33,2.0833,21.585,75
11723,18,1,0,16.67,16.67,72.22,20,66.67,1.6111,20.7228,83.33
14961,18,1,0,0,16.67,61.11,16.67,61.11,2.5,14.7,77.78
11297,18,1,5.56,11.11,16.67,61.11,13.33,53.33,1.7778,11.2778,72.22
14686,24,1,0,0,16.67,58.33,16.67,58.33,2.25,22.0333,62.5
15347,12,1,8.33,16.67,16.67,58.33,11.11,44.44,1.75,21.6617,83.33
15269,42,1,4.76,0,16.67,52.38,12.5,50,2.2619,19.3381,66.67
12230,48,1,6.25,0,16.67,52.08,11.11,48.89,2.1458,13.7963,70.83
14728,12,1,0,0,16.67,50,16.67,50,1.6667,33.39,83.33
15830,6,1,0,0,16.67,50,16.67,50,1.3333,25.555,66.67
14600,18,1,5.56,0,16.67,44.44,11.76,41.18,2.5556,4.3806,61.11
15274,18,1,11.11,0,16.67,44.44,6.25,37.5,1.7778,32.2483,77.78
15684,18,1,0,5.56,16.67,44.44,17.65,41.18,1.5556,20.1061,72.22
12251,24,1,0,4.17,16.67,41.67,17.39,39.13,2.3333,24.6358,70.83
12268,24,1,8.33,0,16.67,41.67,9.09,36.36,2,16.2263,66.67
13991,12,1,8.33,8.33,16.67,41.67,10,30,1.3333,45.925,83.33
11990,30,1,10,0,16.67,36.67,7.41,29.63,2.4333,13.8787,70
13172,54,1,3.7,3.7,16.67,31.48,14,26,2.2778,7.3093,70.37
15257,30,1,0,0,16.67,26.67,16.67,26.67,2.8667,12.6993,73.33
13892,18,1,11.11,0,16.67,22.22,6.25,12.5,2.1111,22.3289,55.56
12459,49,1,6.12,2.04,16.33,51.02,11.11,46.67,2.3878,15.678,61.22
14484,43,1,2.33,2.33,16.28,62.79,14.63,60.98,2.093,9.993,67.44
10732,31,1,0,0,16.13,77.42,16.13,77.42,2,11.329,70.97
10936,31,1,0,0,16.13,58.06,16.13,58.06,1.871,8.9597,77.42
10817,25,1,8,0,16,72,8.7,69.57,2.12,9.8396,72
15709,25,1,8,12,16,64,10,55,2.28,13.6168,60
10138,50,1,2,2,16,52,12.5,50,1.98,10.1002,78
12472,50,1,2,2,16,48,14.58,45.83,2.14,9.4214,66
10290,25,1,8,0,16,36,8.7,30.43,1.44,11.1968,84
12131,25,1,4,0,16,28,12.5,25,1.72,20.1884,76
11569,44,1,2.27,2.27,15.91,54.55,14.29,52.38,1.9091,10.8145,68.18
14453,19,1,0,0,15.79,57.89,15.79,57.89,2,15.6242,68.42
15653,19,1,0,0,15.79,42.11,15.79,42.11,1.5263,10.6484,63.16
13168,19,1,10.53,5.26,15.79,36.84,6.25,25,1.6842,12.6132,73.68
12307,19,1,0,0,15.79,36.84,15.79,36.84,1.6316,30.3779,73.68
13912,38,1,0,2.63,15.79,31.58,16.22,29.73,2.0263,7.2026,65.79
13763,19,1,5.26,0,15.79,26.32,11.11,22.22,2.2105,18.4668,68.42
15451,51,1,3.92,1.96,15.69,74.51,12.5,72.92,2.1765,15.6508,68.63
11630,51,1,3.92,1.96,15.69,43.14,12.5,39.58,2.0392,17.3065,70.59
13445,32,1,9.38,0,15.62,59.38,6.9,55.17,2.1875,13.0838,68.75
12408,32,1,0,0,15.62,59.38,15.62,59.38,2.1875,13.7828,65.62
14940,13,1,0,7.69,15.38,76.92,16.67,75,2.2308,19.3208,69.23
15908,52,1,1.92,15.38,15.38,71.15,16.28,65.12,2.3846,14.8794,65.38
11202,13,1,0,7.69,15.38,69.23,16.67,66.67,2.0769,20.0769,76.92
12494,26,1,0,0,15.38,57.69,15.38,57.69,2.6538,23.3362,50
10249,26,1,3.85,0,15.38,53.85,12,52,2.5,13.0338,69.23
13703,13,1,0,0,15.38,53.85,15.38,53.85,1.5385,45.1008,76.92
12497,13,1,7.69,0,15.38,53.85,8.33,50,2,9.9315,61.54
12696,13,1,7.69,0,15.38,53.85,8.33,50,2.0769,32.0531,76.92
15726,39,1,7.69,0,15.38,51.28,8.33,47.22,2.2821,21.9685,66.67
10964,26,1,3.85,3.85,15.38,46.15,12.5,41.67,2.6538,13.3981,57.69
12153,39,1,5.13,2.56,15.38,43.59,11.11,38.89,2.4103,11.4659,69.23
10463,26,1,3.85,7.69,15.38,42.31,13.04,34.78,2,14.74,65.38
13731,26,1,3.85,15.38,15.38,38.46,14.29,23.81,1.9615,19.3792,61.54
11196,13,1,7.69,7.69,15.38,38.46,9.09,27.27,1.6923,44.1938,76.92
11791,52,1,5.77,0,15.38,36.54,10.2,32.65,2.3654,11.2177,69.23
15156,59,1,5.08,0,15.25,37.29,10.71,33.93,2.2034,11.8583,62.71
10881,46,1,0,0,15.22,71.74,15.22,71.74,2,13.0185,63.04
15165,66,1,1.52,0,15.15,36.36,13.85,35.38,2.5455,8.8041,60.61
10400,20,1,0,0,15,65,15,65,1.9,11.41,80
11294,20,1,0,0,15,55,15,55,1.7,19.501,70
15286,20,1,0,0,15,40,15,40,1.7,13.181,85
10115,27,1,3.7,3.7,14.81,62.96,12,60,1.6667,11.8789,70.37
12421,27,1,3.7,0,14.81,59.26,11.54,57.69,1.9259,10.0193,70.37
13934,27,1,0,3.7,14.81,25.93,15.38,23.08,2.037,10.6441,74.07
13720,34,1,0,0,14.71,41.18,14.71,41.18,1.8824,10.0979,70.59
13965,34,1,5.88,0,14.71,26.47,9.38,21.88,2.0294,9.4062,76.47
10244,41,1,0,2.44,14.63,63.41,15,62.5,2.0488,7.7788,70.73
11291,41,1,4.88,0,14.63,63.41,10.26,61.54,2.3902,10.5722,60.98
12892,41,1,2.44,4.88,14.63,48.78,13.16,44.74,2.5854,14.7027,56.1
10421,7,1,0,0,14.29,100,14.29,100,2,35.3329,57.14
13616,28,1,0,0,14.29,82.14,14.29,82.14,2.1071,10.3818,67.86
12321,14,1,7.14,0,14.29,71.43,7.69,69.23,1.5714,16.555,64.29
12475,14,1,14.29,0,14.29,71.43,0,66.67,2.0714,12.3043,85.71
10784,42,1,0,0,14.29,64.29,14.29,64.29,1.9048,11.8329,73.81
14159,70,1,1.43,0,14.29,61.43,13.04,60.87,2.3714,13.8666,68.57
10161,14,1,0,0,14.29,57.14,14.29,57.14,1.9286,20.005,71.43
15745,7,1,0,0,14.29,57.14,14.29,57.14,1.5714,22.5557,85.71
13662,42,1,0,0,14.29,54.76,14.29,54.76,2.1667,8.9143,61.9
11276,21,1,0,9.52,14.29,52.38,15.79,47.37,1.7619,12.431,66.67
13879,14,1,0,7.14,14.29,50,15.38,46.15,2,30.555,71.43
11156,42,1,7.14,4.76,14.29,45.24,8.11,37.84,2.1905,10.3893,59.52
15681,14,1,0,0,14.29,42.86,14.29,42.86,2,19.5579,85.71
12315,14,1,7.14,0,14.29,42.86,7.69,38.46,1.7857,25.53,57.14
15927,7,1,14.29,0,14.29,42.86,0,33.33,1.5714,30.9543,57.14
11567,28,1,7.14,3.57,14.29,39.29,8,32,2.4286,9.0121,67.86
13769,14,1,0,7.14,14.29,35.71,15.38,30.77,1.7857,14.6957,78.57
12021,14,1,7.14,0,14.29,35.71,7.69,30.77,2,16.0964,71.43
13158,14,1,7.14,0,14.29,28.57,7.69,23.08,2.1429,20.7621,71.43
11694,28,1,7.14,0,14.29,25,7.69,19.23,1.8571,12.1707,67.86
10192,57,1,0,0,14.04,61.4,14.04,61.4,2.3333,13.4981,68.42
10613,43,1,2.33,6.98,13.95,65.12,12.82,61.54,2.7442,23.0747,72.09
15219,43,1,4.65,0,13.95,53.49,9.76,51.22,2.0698,18.0019,65.12
10837,36,1,2.78,0,13.89,83.33,11.43,82.86,2.1389,13.8719,69.44
13916,36,1,5.56,2.78,13.89,30.56,9.09,24.24,1.8056,9.5489,72.22
10644,29,1,6.9,0,13.79,51.72,7.41,48.15,2.2759,27.9193,58.62
15096,29,1,10.34,0,13.79,48.28,3.85,42.31,1.931,10.7007,65.52
14549,29,1,3.45,0,13.79,34.48,10.71,32.14,2.7586,14.0686,68.97
12014,51,1,3.92,0,13.73,41.18,10.2,38.78,2.4902,17.6859,66.67
13357,22,1,4.55,0,13.64,59.09,9.52,57.14,1.8182,10.86,77.27
14385,22,1,4.55,0,13.64,59.09,9.52,57.14,1.5455,11.1286,72.73
15816,22,1,4.55,13.64,13.64,59.09,11.11,50,2.1818,14.2023,63.64
13355,44,1,9.09,0,13.64,54.55,5,50,2.3636,10.5473,61.36
12398,44,1,4.55,2.27,13.64,45.45,9.76,41.46,1.75,8.6134,72.73
13228,22,1,4.55,4.55,13.64,40.91,10,35,1.7727,14.9559,77.27
15262,22,1,9.09,0,13.64,40.91,5,35,2.0909,19.8209,63.64
15645,22,1,4.55,0,13.64,40.91,9.52,38.1,2.2727,15.8332,63.64
12930,22,1,9.09,0,13.64,31.82,5,25,1.7273,18.7291,68.18
13675,22,1,0,0,13.64,31.82,13.64,31.82,1.8636,13.8268,72.73
13397,15,1,0,0,13.33,86.67,13.33,86.67,1.7333,19.6973,80
10343,15,1,0,13.33,13.33,66.67,15.38,61.54,1.9333,18.8813,80
11926,15,1,0,6.67,13.33,60,14.29,57.14,1.9333,20.142,73.33
12833,30,1,6.67,3.33,13.33,53.33,7.41,48.15,1.7333,16.1837,70
14285,30,1,0,0,13.33,50,13.33,50,1.8667,11.8727,66.67
13452,15,1,13.33,0,13.33,46.67,0,38.46,1.4,19.4073,80
15197,30,1,0,0,13.33,36.67,13.33,36.67,1.9667,11.622,63.33
13671,15,1,0,0,13.33,33.33,13.33,33.33,1.8,18.292,53.33
13728,15,1,0,0,13.33,26.67,13.33,26.67,1.8667,17.0847,66.67
13985,53,1,5.66,0,13.21,56.6,8,54,2.1887,10.5653,66.04
15117,46,1,2.17,0,13.04,56.52,11.11,55.56,2.3696,14.323,73.91
15596,23,1,8.7,0,13.04,47.83,4.76,42.86,1.913,16.2061,82.61
13294,23,1,8.7,8.7,13.04,39.13,5.26,26.32,2.1739,13.1557,69.57
14128,46,1,6.52,0,13.04,36.96,6.98,32.56,2.1957,9.0898,71.74
14252,23,1,0,0,13.04,30.43,13.04,30.43,2.5217,10.6683,65.22
12081,46,1,6.52,0,13.04,21.74,6.98,16.28,2.4348,6.86,73.91
13670,39,1,0,2.56,12.82,66.67,13.16,65.79,2.6667,29.1638,56.41
13465,39,1,2.56,0,12.82,46.15,10.53,44.74,2.4615,11.8772,64.1
11794,39,1,2.56,2.56,12.82,43.59,10.81,40.54,2.2564,12.7415,61.54
10831,16,1,6.25,0,12.5,62.5,6.67,60,1.9375,5.5656,75
10900,8,1,12.5,0,12.5,62.5,0,57.14,2,33.3875,75
10907,8,1,0,0,12.5,62.5,12.5,62.5,1.5,50.6287,75
10309,32,1,0,0,12.5,56.25,12.5,56.25,2.8125,10.9134,62.5
10179,24,1,0,0,12.5,54.17,12.5,54.17,2.5833,14.5479,75
15311,8,1,0,0,12.5,50,12.5,50,2.625,11.1825,75
11953,8,1,0,0,12.5,50,12.5,50,1.75,40.7963,62.5
12664,32,1,0,6.25,12.5,46.88,13.33,43.33,2.5312,8.7656,81.25
13325,32,1,6.25,9.38,12.5,43.75,7.41,33.33,1.7812,10.8275,75
12108,32,1,3.12,0,12.5,43.75,9.68,41.94,1.9062,11.4244,84.38
14269,16,1,0,0,12.5,43.75,12.5,43.75,1.625,13.3706,81.25
13232,32,1,6.25,6.25,12.5,37.5,7.14,28.57,3.0938,11.1731,75
15236,16,1,0,0,12.5,37.5,12.5,37.5,1.75,14.7619,81.25
14366,8,1,0,0,12.5,37.5,12.5,37.5,1.5,40.2675,75
13882,24,1,4.17,8.33,12.5,33.33,9.52,23.81,1.75,16.6525,66.67
15175,16,1,6.25,0,12.5,31.25,6.67,26.67,2,9.76,68.75
13547,24,1,8.33,0,12.5,29.17,4.55,22.73,1.625,12.8242,75
11754,32,1,9.38,3.12,12.5,25,3.57,14.29,2.2812,6.7272,62.5
12875,8,1,0,0,12.5,25,12.5,25,1.75,4.145,87.5
11712,8,1,0,0,12.5,25,12.5,25,1.75,23.72,62.5
11721,8,1,0,0,12.5,25,12.5,25,1.5,24.7862,87.5
12679,8,1,0,0,12.5,12.5,12.5,12.5,1.5,24.315,75
15273,49,1,6.12,2.04,12.24,42.86,6.67,37.78,2.4694,7.5716,75.51
12991,41,1,4.88,2.44,12.2,46.34,7.89,42.11,1.9268,18.3527,68.29
13959,33,1,6.06,0,12.12,48.48,6.45,45.16,2,9.8376,75.76
15193,66,1,1.52,0,12.12,33.33,10.77,32.31,2.3485,11.1452,72.73
13143,58,1,6.9,6.9,12.07,44.83,6,36,2.2759,6.5888,68.97
13908,25,1,4,0,12,24,8.33,20.83,2.68,20.838,72
12372,42,1,0,2.38,11.9,59.52,12.2,58.54,2.119,14.5862,69.05
10719,34,1,2.94,2.94,11.76,61.76,9.38,59.38,2.0588,11.8847,64.71
10624,17,1,11.76,5.88,11.76,58.82,0,50,1.8824,13.5088,76.47
12728,34,1,8.82,2.94,11.76,47.06,3.33,40,2.3235,10.3482,61.76
13082,17,1,5.88,5.88,11.76,47.06,6.67,40,1.7059,23.7018,70.59
10219,17,1,0,0,11.76,41.18,11.76,41.18,2.1176,26.2212,70.59
12269,34,1,5.88,0,11.76,32.35,6.25,28.12,2.5294,7.8218,61.76
11638,17,1,5.88,0,11.76,29.41,6.25,25,1.5882,21.2494,70.59
10844,43,1,6.98,0,11.63,58.14,5,55,1.7209,12.8195,69.77
11449,26,1,3.85,0,11.54,42.31,8,40,2.5769,15.4665,76.92
15667,26,1,3.85,3.85,11.54,38.46,8.33,33.33,1.7308,13.2562,73.08
13678,26,1,0,0,11.54,30.77,11.54,30.77,1.9615,14.8988,73.08
12096,26,1,0,3.85,11.54,26.92,12,24,2.2692,10.92,76.92
14089,35,1,5.71,2.86,11.43,40,6.25,34.38,2.0286,11.876,71.43
13639,36,1,8.33,0,11.11,52.78,3.03,48.48,2.8056,17.6086,66.67
10735,27,1,11.11,0,11.11,51.85,0,45.83,2.037,14.793,66.67
13528,45,1,2.22,0,11.11,51.11,9.09,50,2.2,9.6458,64.44
15902,36,1,8.33,2.78,11.11,50,3.12,43.75,2.2778,11.0875,58.33
15693,18,1,5.56,0,11.11,50,5.88,47.06,2.1111,17.1278,66.67
12228,18,1,5.56,0,11.11,50,5.88,47.06,2.3889,28.8622,55.56
10681,9,1,0,0,11.11,44.44,11.11,44.44,1.5556,37.8767,66.67
12386,9,1,0,0,11.11,44.44,11.11,44.44,1.4444,12.0022,66.67
14698,54,1,7.41,0,11.11,42.59,4,38,2.2963,11.3148,68.52
12998,9,1,0,0,11.11,33.33,11.11,33.33,1.6667,35.7744,77.78
15618,9,1,11.11,0,11.11,33.33,0,25,2.4444,4.6478,66.67
13492,18,1,5.56,0,11.11,27.78,5.88,23.53,1.6111,20.1383,66.67
12690,9,1,0,11.11,11.11,22.22,12.5,12.5,2.7778,19.4622,66.67
12102,18,1,11.11,0,11.11,16.67,0,6.25,1.9444,20.3128,61.11
12524,55,1,0,0,10.91,54.55,10.91,54.55,3.0909,9.5371,72.73
15409,55,1,3.64,1.82,10.91,43.64,7.69,40.38,2.1636,7.4302,70.91
11115,46,1,2.17,0,10.87,39.13,8.89,37.78,2.3478,11.0491,73.91
13943,46,1,6.52,8.7,10.87,32.61,5.13,20.51,2.1304,10.8333,71.74
13283,46,1,2.17,6.52,10.87,28.26,9.52,21.43,2.0652,12.1428,69.57
12574,37,1,2.7,0,10.81,48.65,8.33,47.22,2.5946,9.66,67.57
12020,74,1,4.05,0,10.81,45.95,7.04,43.66,2.2703,9.4295,70.27
12711,37,1,8.11,0,10.81,35.14,2.94,29.41,1.7297,11.2757,64.86
12700,56,1,0,7.14,10.71,64.29,11.54,61.54,2.1429,10.8605,64.29
15151,28,1,7.14,0,10.71,42.86,3.85,38.46,1.8571,9.6271,78.57
12797,28,1,3.57,0,10.71,39.29,7.41,37.04,2.6786,16.4718,60.71
14253,28,1,3.57,0,10.71,39.29,7.41,37.04,1.9643,17.8932,71.43
13506,28,1,3.57,0,10.71,32.14,7.41,29.63,1.8929,12.3693,78.57
11631,28,1,0,3.57,10.71,25,11.11,22.22,1.9286,8.3514,71.43
11987,28,1,3.57,0,10.71,25,7.41,22.22,1.7857,16.3982,75
13106,47,1,4.26,8.51,10.64,63.83,7.32,58.54,2.2128,11.7068,74.47
14487,19,1,0,0,10.53,68.42,10.53,68.42,2.5789,17.2963,73.68
10727,38,1,0,0,10.53,65.79,10.53,65.79,2.7368,21.7647,78.95
13605,19,1,0,0,10.53,63.16,10.53,63.16,2.0526,34.4274,78.95
10714,19,1,0,0,10.53,63.16,10.53,63.16,1.5263,19.0342,63.16
11703,19,1,5.26,0,10.53,52.63,5.56,50,2,30.3289,73.68
10369,19,1,0,5.26,10.53,47.37,11.11,44.44,2.1579,23.2368,73.68
14261,19,1,5.26,0,10.53,21.05,5.56,16.67,2.4211,16.3579,63.16
10793,48,1,4.17,0,10.42,77.08,6.52,76.09,2.6042,12.219,54.17
11774,48,1,2.08,4.17,10.42,41.67,8.89,37.78,2.4167,13.4544,72.92
10779,29,1,0,0,10.34,58.62,10.34,58.62,1.8966,17.9076,79.31
13252,29,1,3.45,3.45,10.34,48.28,7.41,44.44,1.6552,12.9886,68.97
14281,29,1,0,0,10.34,48.28,10.34,48.28,2.3103,18.9093,68.97
13273,39,1,0,10.26,10.26,51.28,11.43,45.71,2.1795,9.8831,66.67
12678,39,1,0,2.56,10.26,43.59,10.53,42.11,2.1538,5.7636,69.23
13061,10,1,0,0,10,80,10,80,2,35.584,70
10689,20,1,5,5,10,65,5.56,61.11,2,18.945,70
14203,30,1,3.33,3.33,10,56.67,7.14,53.57,2.6,19.9127,63.33
14329,10,1,0,10,10,50,11.11,44.44,1.4,36.894,90
11802,60,1,3.33,1.67,10,41.67,7.02,38.6,2.4667,21.2947,70
12284,20,1,5,0,10,40,5.26,36.84,1.8,17.778,60
13721,30,1,6.67,0,10,33.33,3.57,28.57,2.2,12.3247,66.67
10600,30,1,3.33,0,10,33.33,6.9,31.03,2.2667,7.4307,66.67
11766,10,1,0,0,10,30,10,30,2,16.076,80
11696,20,1,5,0,10,25,5.26,21.05,1.85,13.7495,60
11324,10,1,0,0,10,20,10,20,2.4,38.76,80
11658,10,1,0,0,10,10,10,10,1.8,17.203,60
13175,41,1,2.44,0,9.76,41.46,7.5,40,2.4146,9.2771,70.73
13267,41,1,4.88,4.88,9.76,29.27,5.41,21.62,2.2195,7.0915,70.73
13420,31,1,0,19.35,9.68,80.65,12,76,2.0323,17.6197,74.19
12490,31,1,3.23,0,9.68,67.74,6.67,66.67,1.9032,16.7961,74.19
13379,52,1,7.69,0,9.62,67.31,2.08,64.58,2.1154,6.9831,73.08
11838,52,1,5.77,1.92,9.62,61.54,4.17,58.33,2.5,13.5435,65.38
10526,21,1,0,0,9.52,57.14,9.52,57.14,1.7143,22.0552,80.95
10991,21,1,9.52,0,9.52,52.38,0,47.37,1.4762,14.1071,80.95
10386,21,1,0,0,9.52,38.1,9.52,38.1,1.9524,21.9586,66.67
15220,21,1,4.76,0,9.52,38.1,5,35,1.7619,14.3681,66.67
12016,21,1,4.76,0,9.52,33.33,5,30,2.0952,17.6662,61.9
12440,21,1,0,0,9.52,23.81,9.52,23.81,2.1905,15.2505,76.19
12461,21,1,4.76,0,9.52,23.81,5,20,1.5714,12.7,80.95
14152,74,1,6.76,0,9.46,33.78,2.9,28.99,2.2297,7.1858,67.57
12556,43,1,2.33,2.33,9.3,46.51,7.32,43.9,2.3023,17.1979,67.44
13292,43,1,9.3,2.33,9.3,20.93,0,10.53,2.4186,8.7672,60.47
10948,54,1,5.56,0,9.26,66.67,3.92,64.71,2.3148,8.7281,70.37
13356,11,1,9.09,0,9.09,90.91,0,90,1.6364,17.2464,72.73
15778,22,1,4.55,9.09,9.09,59.09,5.26,52.63,2.3182,10.8373,63.64
10871,22,1,4.55,0,9.09,59.09,4.76,57.14,2.2727,15.2277,68.18
10414,11,1,0,0,9.09,54.55,9.09,54.55,2.0909,19.3564,72.73
11856,44,1,0,2.27,9.09,45.45,9.3,44.19,2.3636,6.857,61.36
13302,33,1,0,6.06,9.09,42.42,9.68,38.71,2,16.9373,69.7
11504,22,1,4.55,0,9.09,40.91,4.76,38.1,2.0909,24.2,72.73
14812,22,1,0,0,9.09,27.27,9.09,27.27,1.7273,18.6418,77.27
12069,45,1,4.44,0,8.89,35.56,4.65,32.56,2.7778,16.548,66.67
15399,45,1,4.44,0,8.89,31.11,4.65,27.91,2.3333,8.1171,66.67
14088,45,1,8.89,0,8.89,28.89,0,21.95,2.1333,5.8678,68.89
15485,34,1,2.94,2.94,8.82,44.12,6.25,40.62,1.7647,16.8141,73.53
11788,34,1,0,0,8.82,38.24,8.82,38.24,1.8824,12.635,67.65
12443,34,1,2.94,0,8.82,38.24,6.06,36.36,2.2941,9.4903,67.65
15179,23,1,0,0,8.7,47.83,8.7,47.83,1.913,16.7396,73.91
10560,23,1,4.35,17.39,8.7,34.78,5.56,16.67,2.3043,13.1391,65.22
12183,23,1,8.7,4.35,8.7,34.78,0,25,1.9565,9.2039,73.91
13856,23,1,0,4.35,8.7,21.74,9.09,18.18,2.2609,18.057,73.91
10327,12,1,0,0,8.33,66.67,8.33,66.67,2.0833,17.27,75
13471,12,1,0,8.33,8.33,66.67,9.09,63.64,2.4167,11.6917,75
15122,36,1,0,0,8.33,50,8.33,50,2.4167,20.5206,66.67
11643,12,1,0,0,8.33,50,8.33,50,1.9167,29.93,66.67
12407,12,1,0,0,8.33,50,8.33,50,2,22.7925,66.67
12463,12,1,8.33,0,8.33,50,0,45.45,1.6667,13.0533,66.67
12543,24,1,0,0,8.33,45.83,8.33,45.83,2.0417,11.9342,66.67
13455,48,1,4.17,2.08,8.33,41.67,4.44,37.78,2.4792,14.1831,64.58
15644,48,1,6.25,2.08,8.33,41.67,2.27,36.36,2.6458,14.2077,66.67
14006,12,1,8.33,0,8.33,41.67,0,36.36,1.6667,25.2658,75
14819,12,1,0,0,8.33,33.33,8.33,33.33,1.6667,17.7317,83.33
13415,24,1,4.17,4.17,8.33,29.17,4.55,22.73,2.5,8.6125,54.17
15474,24,1,4.17,0,8.33,29.17,4.35,26.09,2.0417,13.2504,75
12460,24,1,0,0,8.33,29.17,8.33,29.17,2.5417,12.0737,70.83
10969,12,1,0,0,8.33,25,8.33,25,1.8333,19.8983,66.67
12101,12,1,8.33,8.33,8.33,25,0,10,1.6667,27.965,66.67
13717,36,1,0,0,8.33,22.22,8.33,22.22,2.3056,6.8278,69.44
11497,12,1,0,0,8.33,16.67,8.33,16.67,2.0833,2.52,66.67
15564,37,1,2.7,0,8.11,64.86,5.56,63.89,2.5676,21.0562,72.97
15394,50,1,2,2,8,58,6.25,56.25,2.74,28.5172,68
12704,25,1,4,8,8,52,4.55,45.45,2.12,16.546,76
15249,25,1,0,0,8,44,8,44,2.04,18.7644,64
15621,25,1,8,0,8,16,0,8.7,1.8,13.552,72
13274,38,1,2.63,13.16,7.89,42.11,6.25,31.25,2.2895,6.9858,71.05
14090,38,1,5.26,0,7.89,31.58,2.78,27.78,2.4737,9.0653,76.32
13333,26,1,3.85,0,7.69,69.23,4,68,2,9.3146,65.38
10403,13,1,0,0,7.69,69.23,7.69,69.23,1.5385,31.4808,61.54
14396,13,1,0,0,7.69,61.54,7.69,61.54,1.6923,23.7592,76.92
11475,13,1,0,0,7.69,46.15,7.69,46.15,1.5385,32.2854,76.92
15542,13,1,7.69,0,7.69,38.46,0,33.33,1.9231,35.7262,61.54
10693,13,1,0,0,7.69,38.46,7.69,38.46,1.5385,15.3331,69.23
12647,13,1,0,0,7.69,38.46,7.69,38.46,1.6923,10.1154,69.23
13949,13,1,0,0,7.69,30.77,7.69,30.77,1.2308,31.9362,84.62
14168,13,1,7.69,0,7.69,30.77,0,25,2.6154,23.1154,69.23
12597,13,1,0,0,7.69,30.77,7.69,30.77,2,23.0585,84.62
11661,39,1,2.56,5.13,7.69,28.21,5.56,22.22,2.359,11.4821,71.79
11877,26,1,0,7.69,7.69,23.08,8.33,16.67,2.0385,9.0831,69.23
15687,40,1,5,0,7.5,55,2.63,52.63,2.475,9.286,62.5
13383,27,1,7.41,0,7.41,33.33,0,28,2,15.05,66.67
13844,27,1,7.41,0,7.41,14.81,0,8,2.6296,14.0593,77.78
12567,14,1,0,0,7.14,50,7.14,50,3.3571,20.105,64.29
15918,14,1,0,0,7.14,42.86,7.14,42.86,2,14.9543,71.43
12790,14,1,0,0,7.14,35.71,7.14,35.71,1.8571,33.07,71.43
11544,14,1,7.14,0,7.14,35.71,0,30.77,1.7857,16.675,71.43
11697,42,1,2.38,4.76,7.14,30.95,5.13,25.64,2.0952,9.645,73.81
13948,14,1,0,7.14,7.14,28.57,7.69,23.08,2,23.325,71.43
11737,28,1,0,0,7.14,21.43,7.14,21.43,2.5,9.2157,64.29
14276,14,1,0,0,7.14,21.43,7.14,21.43,2.2143,13.5693,71.43
15617,29,1,3.45,0,6.9,58.62,3.57,57.14,2.5862,20.359,51.72
10276,29,1,3.45,6.9,6.9,55.17,3.85,50,1.9655,13.7752,62.07
13076,15,1,0,13.33,6.67,53.33,7.69,46.15,2,27.6653,66.67
15153,30,1,0,0,6.67,50,6.67,50,2,18.3047,76.67
15569,15,1,0,0,6.67,40,6.67,40,1.5333,13.9227,73.33
12612,15,1,6.67,0,6.67,40,0,35.71,1.6667,18.1353,73.33
11222,30,1,3.33,0,6.67,23.33,3.45,20.69,2.0667,15.198,70
15107,15,1,6.67,0,6.67,20,0,14.29,1.6,21.7547,66.67
11010,15,1,6.67,0,6.67,20,0,14.29,1.6667,7.4587,66.67
12192,15,1,0,0,6.67,20,6.67,20,2,9.8647,73.33
12614,46,1,0,0,6.52,30.43,6.52,30.43,2.3696,5.987,71.74
12529,31,1,3.23,9.68,6.45,51.61,3.7,44.44,2.1613,10.3584,77.42
13279,31,1,0,6.45,6.45,41.94,6.9,37.93,1.8065,13.6626,74.19
13874,31,1,0,0,6.45,29.03,6.45,29.03,2.6452,18.3165,70.97
13595,47,1,2.13,0,6.38,57.45,4.35,56.52,2.3404,14.6821,63.83
10787,16,1,0,0,6.25,56.25,6.25,56.25,2.3125,16.7,68.75
14135,32,1,3.12,3.12,6.25,46.88,3.33,43.33,2.4062,8.86,65.62
10728,16,1,6.25,0,6.25,43.75,0,40,1.875,40.0519,75
15303,16,1,0,0,6.25,37.5,6.25,37.5,2.3125,10.9756,68.75
11508,16,1,0,6.25,6.25,31.25,6.67,26.67,2.125,16.6969,75
12147,16,1,6.25,0,6.25,18.75,0,13.33,1.625,13.5425,75
13876,16,1,0,0,6.25,12.5,6.25,12.5,2.25,32.7331,62.5
15148,65,1,3.08,0,6.15,23.08,3.17,20.63,3.1692,6.376,64.62
15110,49,1,4.08,2.04,6.12,46.94,2.17,43.48,2.0204,12.4682,75.51
13636,33,1,3.03,0,6.06,39.39,3.12,37.5,1.9091,15.4,75.76
12766,34,1,5.88,0,5.88,47.06,0,43.75,2.1176,11.5703,61.76
15818,17,1,5.88,0,5.88,47.06,0,43.75,2.2353,11.0229,58.82
10615,34,1,5.88,0,5.88,35.29,0,31.25,2.0882,10.2959,79.41
15329,17,1,0,0,5.88,11.76,5.88,11.76,1.6471,9.2047,76.47
11579,35,1,0,5.71,5.71,34.29,6.06,30.3,2.0857,8.4151,68.57
13129,18,1,0,11.11,5.56,44.44,6.25,37.5,1.8889,27.1933,72.22
13815,36,1,0,11.11,5.56,27.78,6.25,18.75,2,10.0289,58.33
15581,18,1,0,0,5.56,22.22,5.56,22.22,2.6111,10.9167,61.11
13843,18,1,0,5.56,5.56,16.67,5.88,11.76,2.2778,14.7656,61.11
13921,18,1,0,0,5.56,16.67,5.56,16.67,1.9444,13.2044,83.33
15266,18,1,5.56,0,5.56,16.67,0,11.76,1.5,11.5317,72.22
12070,18,1,5.56,0,5.56,5.56,0,0,2.0556,12.7278,72.22
13372,38,1,5.26,2.63,5.26,71.05,0,68.57,2.3421,14.1047,57.89
10476,19,1,0,5.26,5.26,47.37,5.56,44.44,1.6842,14.6921,73.68
12379,38,1,0,0,5.26,44.74,5.26,44.74,2.4737,10.0311,68.42
13556,19,1,0,0,5.26,36.84,5.26,36.84,2.1579,17.68,63.16
13215,19,1,5.26,5.26,5.26,31.58,0,23.53,1.8947,15.5226,73.68
12345,19,1,0,0,5.26,26.32,5.26,26.32,2.0526,26.5932,84.21
11727,19,1,5.26,0,5.26,21.05,0,16.67,1.6842,17.7063,68.42
11624,39,1,0,0,5.13,38.46,5.13,38.46,2.0256,11.7959,71.79
15267,20,1,0,0,5,65,5,65,2.5,27.9335,60
10263,20,1,5,0,5,40,0,36.84,1.5,11.7125,70
15174,20,1,0,0,5,25,5,25,1.7,10.741,70
12552,41,1,2.44,0,4.88,48.78,2.5,47.5,2.1707,7.2317,68.29
13417,42,1,2.38,0,4.76,61.9,2.44,60.98,2.0476,12.816,78.57
12764,21,1,0,0,4.76,33.33,4.76,33.33,2.4286,7.0233,61.9
14319,22,1,4.55,0,4.55,59.09,0,57.14,1.8636,16.34,63.64
12626,22,1,0,9.09,4.55,50,5,45,2,14.2523,59.09
13414,44,1,0,0,4.55,36.36,4.55,36.36,2.0909,9.4716,68.18
13715,22,1,0,0,4.55,36.36,4.55,36.36,1.7273,12.0936,72.73
13182,22,1,0,4.55,4.55,31.82,4.76,28.57,1.9545,19.9655,81.82
15897,22,1,4.55,0,4.55,27.27,0,23.81,2.0909,11.6914,77.27
12428,22,1,4.55,0,4.55,13.64,0,9.52,1.6818,14.5559,63.64
12817,23,1,0,0,4.35,52.17,4.35,52.17,2.3478,9.7526,65.22
15468,23,1,0,0,4.35,43.48,4.35,43.48,1.5217,13.4735,73.91
12079,23,1,0,0,4.35,4.35,4.35,4.35,1.8696,11.3613,78.26
11625,24,1,4.17,4.17,4.17,25,0,18.18,2.2083,8.9775,70.83
15619,25,1,0,0,4,32,4,32,2.56,6.7964,76
12959,26,1,0,3.85,3.85,57.69,4,56,2.6923,9.2423,69.23
13637,26,1,0,0,3.85,38.46,3.85,38.46,2.1923,15.8569,69.23
13783,26,1,0,0,3.85,15.38,3.85,15.38,2.3462,13.6527,80.77
14676,27,1,3.7,3.7,3.7,48.15,0,44,1.6296,25.3696,70.37
10579,27,1,0,0,3.7,25.93,3.7,25.93,2,10.2078,66.67
14768,28,1,0,0,3.57,35.71,3.57,35.71,2.6071,17.3696,75
14180,30,1,3.33,0,3.33,56.67,0,55.17,2.5667,12.8837,63.33
12673,30,1,3.33,3.33,3.33,46.67,0,42.86,1.8667,9.6193,73.33
10800,30,1,0,0,3.33,43.33,3.33,43.33,1.6,13.6343,73.33
14402,31,1,0,3.23,3.23,54.84,3.33,53.33,2.4194,12.5494,64.52
15576,31,1,3.23,0,3.23,25.81,0,23.33,2.5161,11.1797,74.19
12731,32,1,0,3.12,3.12,50,3.23,48.39,1.9688,23.7834,65.62
15600,35,1,0,2.86,2.86,48.57,2.94,47.06,2.3714,18.0674,60
13148,35,1,0,8.57,2.86,31.43,3.12,25,2.2857,15.8043,71.43
13835,35,1,0,8.57,2.86,28.57,3.12,21.88,2.4286,11.7791,65.71
13568,7,1,0,0,0,85.71,0,85.71,1.8571,38.7529,71.43
10217,5,1,0,20,0,80,0,75,1.2,41.976,80
11042,5,1,0,40,0,80,0,66.67,1.4,68.58,80
12824,8,1,0,12.5,0,75,0,71.43,1.625,23.7112,75
12864,10,1,0,0,0,70,0,70,2.1,43.601,60
13497,14,1,0,0,0,64.29,0,64.29,1.7143,14.7271,78.57
10388,16,1,0,6.25,0,62.5,0,60,1.75,10.0838,68.75
12786,5,1,0,0,0,60,0,60,1.4,41.104,80
10743,29,1,0,0,0,58.62,0,58.62,2.2069,12.2883,72.41
12179,14,1,0,0,0,57.14,0,57.14,2.5,12.8564,64.29
14307,7,1,0,0,0,57.14,0,57.14,1.5714,1.3657,85.71
12744,37,1,0,2.7,0,51.35,0,50,2,9.8311,75.68
12986,10,1,0,0,0,50,0,50,1.9,25.935,60
13574,24,1,0,4.17,0,45.83,0,43.48,2.125,23.6275,66.67
15744,11,1,0,0,0,45.45,0,45.45,1.8182,25.4091,54.55
10580,9,1,0,0,0,44.44,0,44.44,2.3333,32.2611,77.78
15811,9,1,0,0,0,44.44,0,44.44,2.3333,35.2633,77.78
15496,31,1,0,3.23,0,41.94,0,40,2.2581,15.5616,67.74
12733,12,1,0,8.33,0,41.67,0,36.36,3,5.1892,33.33
12641,22,1,0,0,0,40.91,0,40.91,2.3182,22.0259,50
15404,10,1,0,0,0,40,0,40,1.4,21.666,70
15735,5,1,0,0,0,40,0,40,1.6,36.702,60
12488,5,1,0,0,0,40,0,40,1.2,39.064,100
12701,5,1,0,0,0,40,0,40,1.6,36.168,80
14029,16,1,0,0,0,37.5,0,37.5,2.25,6.7862,56.25
10547,16,1,0,0,0,37.5,0,37.5,2.5625,18.1544,68.75
12860,11,1,0,0,0,36.36,0,36.36,1.6364,17.8973,54.55
10241,6,1,0,0,0,33.33,0,33.33,1.3333,6.5717,83.33
15546,38,1,0,0,0,31.58,0,31.58,2.7368,6.8534,65.79
10655,19,1,0,0,0,31.58,0,31.58,1.7895,26.9632,68.42
13800,10,1,0,0,0,30,0,30,1.6,13.665,70
12495,10,1,0,0,0,30,0,30,2.3,29.602,80
12681,21,1,0,0,0,28.57,0,28.57,2.1429,14.6876,71.43
14723,11,1,0,0,0,27.27,0,27.27,1.5455,20.3591,81.82
12323,16,1,0,0,0,25,0,25,1.8125,18.3888,68.75
10684,12,1,0,0,0,25,0,25,1.9167,15.1283,66.67
10694,12,1,0,16.67,0,25,0,10,1.75,25.6483,75
12178,9,1,0,0,0,22.22,0,22.22,2.3333,2.29,66.67
13336,28,1,0,3.57,0,21.43,0,18.52,1.7857,13.6721,71.43
13463,20,1,0,0,0,20,0,20,1.55,11.9885,75
12302,20,1,0,0,0,20,0,20,2.1,10.4205,60
13145,5,1,0,0,0,20,0,20,1.4,56.292,80
13719,36,1,0,0,0,19.44,0,19.44,2,12.7117,75
10546,6,1,0,0,0,16.67,0,16.67,1.5,12.215,83.33
15792,6,1,0,0,0,16.67,0,16.67,1.5,31.4267,83.33
11758,7,1,0,0,0,14.29,0,14.29,1.4286,30.5314,85.71
15704,15,1,0,0,0,13.33,0,13.33,1.4,17.5347,80
15559,24,1,0,0,0,12.5,0,12.5,2.2083,9.0933,75
13146,8,1,0,12.5,0,12.5,0,0,1.375,20.9213,75
12138,8,1,0,0,0,12.5,0,12.5,2.125,2.9325,75
13802,9,1,0,0,0,11.11,0,11.11,1.5556,4.8567,88.89
10856,9,1,0,0,0,11.11,0,11.11,2.5556,28.4978,44.44
12281,15,1,0,0,0,6.67,0,6.67,1.6667,13.3207,80
11635,18,1,0,0,0,5.56,0,5.56,2.1111,10.5061,66.67
15155,9,1,0,0,0,0,0,0,1.3333,34.9689,77.78
