label,node_rows,image_count,reviewer_count,q1_no_pct,q1_uncertain_pct,critical_nodes_all,critical_rate_all_pct,critical_share_of_dataset_pct,any_issue_rate_all_pct,critical_rate_q1_yes_pct,any_issue_rate_q1_yes_pct,avg_depth,avg_bbox_pct,top_critical_questions
tree,343,252,20,1.46,0.58,155,45.19,3.0,80.17,44.64,79.76,1.4257,28.5182,Q2:132|Q5:20|Q4:14|Q8:7|Q1:5
head,675,565,20,1.78,0.74,130,19.26,2.51,51.56,17.93,50.3,2.1289,13.0669,Q5:52|Q2:45|Q8:22|Q1:12|Q7:11
leg,555,430,20,1.8,0.36,128,23.06,2.47,60.72,21.73,59.85,2.2595,14.1161,Q2:58|Q4:35|Q5:21|Q8:11|Q1:10
wall,491,409,20,3.46,1.22,109,22.2,2.11,60.08,19.66,58.12,1.558,38.9765,Q2:63|Q5:27|Q1:17|Q4:11|Q3:9
frame,237,188,20,10.97,1.69,107,45.15,2.07,81.01,39.13,78.26,2.4473,13.3222,Q5:47|Q3:32|Q2:30|Q1:26|Q4:8
window,423,262,20,3.31,3.55,88,20.8,1.7,58.39,18.78,55.33,2.253,13.9921,Q2:48|Q4:17|Q5:15|Q1:14|Q3:8
post,269,204,20,9.29,2.6,77,28.62,1.49,68.03,21.94,63.71,2.2454,15.5553,Q2:48|Q1:25|Q5:12|Q3:7|Q4:3
arm,379,341,20,1.06,1.58,70,18.47,1.35,58.58,17.89,57.45,2.1319,14.6178,Q2:32|Q4:17|Q8:10|Q5:7|Q3:7
sleeve,393,322,20,3.56,0.51,69,17.56,1.33,55.47,14.59,53.58,3.0585,13.0308,Q2:34|Q1:14|Q5:11|Q3:10|Q4:6
leaf,124,94,20,4.03,4.03,68,54.84,1.31,89.52,55.26,88.6,2.2097,17.8594,Q2:61|Q1:5|Q5:5|Q4:4
door,253,196,20,8.7,3.56,60,23.72,1.16,57.31,17.12,51.35,2.1107,14.3594,Q1:22|Q5:15|Q3:15|Q2:12|Q4:5
palm,103,95,20,42.72,1.94,58,56.31,1.12,86.41,24.56,75.44,3.5049,4.3448,Q1:44|Q3:11|Q4:6|Q5:6|Q2:4
fence,180,143,20,8.33,2.78,56,31.11,1.08,71.11,25.62,67.5,1.4333,26.5268,Q5:22|Q2:19|Q1:15|Q3:10|Q4:8
finger,230,191,20,0.87,0.87,53,23.04,1.02,67.83,22.57,67.26,3.4783,8.4488,Q2:34|Q4:20|Q5:7|Q3:6|Q8:3
building,215,170,20,2.33,0.93,52,24.19,1.0,65.12,22.6,63.94,1.4744,26.9766,Q2:31|Q5:13|Q4:11|Q1:5|Q3:3
mouth,201,189,20,8.46,1.0,51,25.37,0.99,60.2,18.68,56.04,3.2488,2.1027,Q2:18|Q1:17|Q5:9|Q3:6|Q8:4
grass,238,202,20,2.52,1.26,51,21.43,0.99,57.98,19.65,56.33,1.5966,37.8028,Q2:32|Q5:17|Q4:8|Q1:6|Q3:5
person,432,406,20,2.78,0.69,51,11.81,0.99,40.05,9.35,37.89,1.125,37.5767,Q2:16|Q1:12|Q4:10|Q5:10|Q3:8
hand,382,326,20,1.57,1.31,46,12.04,0.89,48.17,10.78,46.63,2.5812,11.6867,Q2:16|Q3:12|Q4:7|Q1:6|Q5:6
tail,152,146,20,17.76,3.95,45,29.61,0.87,59.87,15.13,48.74,2.0987,5.6001,Q1:27|Q2:9|Q3:7|Q5:6|Q8:1
handle,243,173,20,9.05,2.47,44,18.11,0.85,49.38,9.77,42.79,2.3045,7.7354,Q1:22|Q2:16|Q3:7|Q5:7|Q4:6
ear,334,305,20,2.99,1.5,42,12.57,0.81,46.11,10.03,43.57,2.976,5.1705,Q2:21|Q1:10|Q4:5|Q3:5|Q5:4
roof,214,154,20,3.74,0.93,38,17.76,0.73,57.01,14.71,54.9,2.271,8.308,Q2:18|Q1:8|Q4:6|Q5:5|Q3:3
collar,148,140,20,14.86,3.38,36,24.32,0.7,62.16,11.57,53.72,2.973,3.9772,Q1:22|Q2:6|Q5:5|Q3:4|Q4:4
trunk,176,138,20,2.27,1.7,36,20.45,0.7,61.93,18.93,60.36,2.2273,11.9904,Q2:28|Q1:4|Q5:3|Q4:3|Q6:2
eye,224,211,20,4.46,0.89,36,16.07,0.7,49.11,12.26,46.23,3.1161,1.6175,Q2:18|Q1:10|Q3:6|Q5:3|Q8:2
branch,68,60,20,2.94,1.47,35,51.47,0.68,79.41,50.77,78.46,2.2353,11.5626,Q2:33|Q5:3|Q1:2|Q6:1|Q3:1
waistband,79,74,20,27.85,5.06,35,44.3,0.68,78.48,24.53,67.92,3.0253,3.4672,Q1:22|Q5:8|Q2:6|Q3:2|Q4:1
cheek,169,160,20,5.33,0.59,35,20.71,0.68,63.31,16.35,61.01,3.3195,2.5208,Q2:20|Q1:9|Q4:5|Q5:3|Q3:2
face,227,203,20,3.96,1.32,34,14.98,0.66,49.34,11.63,46.51,2.9868,10.4395,Q2:12|Q1:9|Q8:8|Q5:4|Q3:2
foliage,89,82,20,3.37,1.12,33,37.08,0.64,76.4,35.29,75.29,2.191,21.4707,Q2:27|Q5:7|Q4:4|Q1:3|Q3:1
panel,126,111,20,8.73,7.14,33,26.19,0.64,65.08,20.75,58.49,2.619,16.2033,Q2:14|Q1:11|Q3:7|Q5:5|Q4:2
sky,288,263,20,1.39,1.04,33,11.46,0.64,38.54,10.32,37.01,1.1528,37.5442,Q2:15|Q5:14|Q8:4|Q1:4|Q3:3
cloud,82,81,20,9.76,2.44,32,39.02,0.62,79.27,33.33,76.39,2.0488,23.3196,Q2:21|Q1:8|Q5:4|Q4:3|Q3:2
base,163,140,20,9.82,2.45,32,19.63,0.62,46.01,11.19,38.46,2.2822,4.067,Q1:16|Q5:8|Q2:7|Q4:3|Q3:2
shirt,262,242,20,0.76,0.38,32,12.21,0.62,35.11,11.58,34.36,2.0649,19.7973,Q2:15|Q3:6|Q8:5|Q5:4|Q4:3
pocket,139,126,20,15.83,6.47,31,22.3,0.6,57.55,8.33,45.37,2.9496,3.0594,Q1:22|Q4:5|Q2:2|Q5:2|Q3:1
forearm,185,180,20,0.54,0.0,31,16.76,0.6,61.08,16.3,60.87,3.0324,10.7398,Q2:19|Q3:9|Q4:4|Q5:4|Q8:2
thigh,91,87,20,7.69,0.0,30,32.97,0.58,79.12,27.38,77.38,3.2308,8.8299,Q2:17|Q1:7|Q5:4|Q3:3|Q4:3
letter,99,85,20,0.0,1.01,30,30.3,0.58,72.73,30.61,72.45,3.4848,7.6597,Q2:26|Q5:5|Q6:1
foot,127,118,20,3.15,0.79,30,23.62,0.58,56.69,21.31,54.92,2.378,8.8138,Q2:13|Q3:7|Q4:6|Q5:5|Q1:4
sign,232,175,20,4.74,3.02,30,12.93,0.58,46.98,8.88,42.52,1.7155,15.033,Q1:11|Q2:8|Q3:4|Q8:3|Q6:1
hair,271,252,20,0.74,0.37,30,11.07,0.58,41.7,10.45,41.04,3.0295,10.6925,Q2:19|Q5:9|Q4:4|Q1:2|Q3:1
pane,143,108,20,2.1,2.8,29,20.28,0.56,60.84,19.12,58.82,3.0629,14.5848,Q2:23|Q1:3|Q4:2|Q6:1
neck,176,169,20,3.41,1.7,29,16.48,0.56,50.57,13.77,47.9,2.1875,7.0621,Q2:11|Q5:6|Q4:6|Q1:6|Q3:2
knee,90,85,20,6.67,1.11,28,31.11,0.54,75.56,26.51,73.49,3.1889,5.5919,Q2:18|Q1:6|Q3:4|Q4:3|Q8:1
shelf,84,68,19,13.1,7.14,27,32.14,0.52,65.48,23.88,56.72,1.9167,11.0099,Q1:11|Q2:7|Q5:7|Q3:6|Q4:1
stem,72,63,19,5.56,0.0,26,36.11,0.5,66.67,32.35,64.71,2.25,8.3125,Q2:20|Q1:4|Q5:3|Q4:2|Q3:1
railing,91,77,19,12.09,4.4,26,28.57,0.5,74.73,19.74,69.74,2.0,15.6237,Q1:11|Q2:8|Q3:6|Q4:5|Q5:5
pole,152,133,20,3.29,1.32,26,17.11,0.5,52.63,14.48,50.34,1.5197,22.1124,Q2:14|Q5:7|Q1:5|Q4:3|Q3:1
wrist,79,77,20,5.06,0.0,25,31.65,0.48,58.23,28.0,56.0,3.0759,3.4753,Q2:15|Q1:4|Q5:2|Q4:2|Q8:1
cuff,89,74,19,15.73,3.37,25,28.09,0.48,71.91,15.28,65.28,3.7079,7.5647,Q1:14|Q2:8|Q5:3|Q3:3|Q4:1
strap,86,69,20,11.63,3.49,24,27.91,0.46,63.95,19.18,57.53,2.5233,6.2428,Q2:13|Q1:10|Q5:2|Q3:2|Q4:2
rock,70,54,20,5.71,1.43,23,32.86,0.44,67.14,29.23,64.62,1.6143,21.3113,Q2:19|Q1:4|Q3:1|Q4:1|Q5:1
torso,83,81,20,1.2,6.02,23,27.71,0.44,57.83,28.57,54.55,2.1928,3.8872,Q2:18|Q5:6|Q4:3|Q8:2|Q1:1
seat,89,84,20,6.74,3.37,23,25.84,0.44,55.06,21.25,50.0,2.0225,12.9969,Q5:8|Q3:7|Q1:6|Q2:4|Q8:2
ground,118,111,20,1.69,0.85,23,19.49,0.44,50.85,18.26,49.57,1.2627,34.1944,Q5:10|Q2:10|Q4:3|Q3:2|Q8:2
tile,55,51,18,0.0,0.0,22,40.0,0.43,67.27,40.0,67.27,2.0909,29.2415,Q2:22|Q5:2|Q4:1
nose,239,218,20,2.93,1.26,22,9.21,0.43,34.31,6.55,31.44,3.2008,2.4377,Q2:9|Q1:7|Q3:4|Q5:2|Q4:1
bezel,42,35,15,4.76,2.38,20,47.62,0.39,88.1,46.15,87.18,2.4048,11.6767,Q5:12|Q3:7|Q2:4|Q1:2
knuckle,55,49,19,5.45,0.0,20,36.36,0.39,85.45,32.69,84.62,3.7091,4.6498,Q2:17|Q1:3|Q3:2
button,85,63,18,8.24,3.53,20,23.53,0.39,58.82,17.33,53.33,2.7412,4.4707,Q2:10|Q1:7|Q4:2|Q5:1|Q3:1
sidewalk,72,62,20,8.33,4.17,19,26.39,0.37,63.89,20.63,58.73,1.3194,28.9331,Q2:7|Q1:6|Q5:5|Q4:3|Q3:1
wire,52,51,18,1.92,1.92,18,34.62,0.35,69.23,34.0,68.0,2.0192,16.5712,Q2:11|Q5:8|Q4:4|Q3:2|Q1:1
sole,78,74,20,2.56,2.56,18,23.08,0.35,62.82,21.62,60.81,3.0256,5.9513,Q2:8|Q5:6|Q4:4|Q3:2|Q1:2
table,119,112,20,2.52,1.68,18,15.13,0.35,45.38,13.16,42.98,1.1261,44.9785,Q3:7|Q4:5|Q1:3|Q5:3|Q2:2
crust,36,34,18,5.56,5.56,17,47.22,0.33,86.11,46.88,84.38,2.3333,33.2764,Q3:8|Q5:7|Q2:2|Q4:2|Q1:2
book,37,31,17,10.81,2.7,17,45.95,0.33,75.68,40.62,71.88,1.6216,16.7757,Q2:9|Q1:4|Q4:3|Q3:3|Q5:2
cabinet,74,69,18,8.11,6.76,17,22.97,0.33,54.05,17.46,46.03,1.3514,29.5878,Q1:6|Q3:6|Q5:6|Q2:3|Q6:2
glass,85,77,19,4.71,0.0,17,20.0,0.33,52.94,16.05,50.62,1.9882,18.3512,Q2:4|Q1:4|Q5:3|Q6:3|Q7:2
bag,87,81,19,9.2,2.3,17,19.54,0.33,48.28,11.69,41.56,1.2874,15.1138,Q1:8|Q3:5|Q8:2|Q2:2|Q4:2
forehead,221,211,20,1.81,0.0,17,7.69,0.33,40.27,5.99,39.17,3.2398,5.0989,Q2:8|Q4:4|Q1:4|Q5:4|Q3:2
rail,43,36,17,13.95,2.33,16,37.21,0.31,76.74,27.78,72.22,2.4884,14.7363,Q2:8|Q1:6|Q4:5|Q3:3|Q5:2
car,91,88,20,3.3,1.1,16,17.58,0.31,42.86,14.94,40.23,1.1758,17.6266,Q2:8|Q1:3|Q5:3|Q7:2|Q4:2
shoe,134,116,20,2.24,0.0,16,11.94,0.31,47.01,9.92,45.8,2.0672,9.6039,Q2:12|Q3:4|Q1:3|Q5:1
flower,39,33,16,7.69,5.13,15,38.46,0.29,74.36,35.29,70.59,1.9231,17.76,Q2:11|Q1:3|Q4:2|Q5:1|Q3:1
snow,41,33,19,7.32,0.0,15,36.59,0.29,70.73,31.58,68.42,1.3902,48.2229,Q2:10|Q5:5|Q3:4|Q1:3|Q4:1
slat,48,38,17,6.25,0.0,15,31.25,0.29,62.5,26.67,60.0,2.8125,14.1333,Q2:9|Q3:4|Q1:3|Q5:2|Q4:1
wheel,162,134,20,1.23,3.7,15,9.26,0.29,40.74,8.44,37.66,2.1173,7.0041,Q2:8|Q5:4|Q8:4|Q1:2
seam,37,34,18,21.62,2.7,14,37.84,0.27,62.16,21.43,50.0,3.2432,4.6311,Q1:8|Q2:3|Q5:2|Q4:1
lettering,51,40,15,0.0,0.0,14,27.45,0.27,58.82,27.45,58.82,2.9804,9.4812,Q2:6|Q5:4|Q6:3|Q4:3|Q8:1
hem,78,75,20,7.69,1.28,14,17.95,0.27,50.0,11.27,45.07,3.1795,4.0518,Q1:6|Q2:5|Q5:2|Q4:1|Q3:1
floor,145,139,20,2.76,0.0,14,9.66,0.27,35.86,7.09,34.04,1.2,27.3811,Q2:6|Q1:4|Q5:3|Q4:1|Q3:1
brick,26,24,13,0.0,7.69,13,50.0,0.25,76.92,54.17,75.0,2.7692,10.8538,Q2:12|Q3:1|Q8:1
surface,31,30,15,3.23,0.0,13,41.94,0.25,77.42,40.0,76.67,2.1935,30.2139,Q2:10|Q5:2|Q4:1|Q1:1
bracket,35,33,17,25.71,8.57,13,37.14,0.25,71.43,17.39,56.52,2.4857,8.7006,Q1:9|Q2:3|Q3:2|Q5:1
pavement,44,44,19,4.55,2.27,13,29.55,0.25,59.09,26.83,56.1,1.75,29.8045,Q5:7|Q2:5|Q8:2|Q1:2
dirt,46,44,20,4.35,2.17,13,28.26,0.25,58.7,25.58,55.81,1.6522,45.1741,Q2:5|Q8:4|Q1:2|Q3:2|Q4:2
light,53,48,20,7.55,1.89,13,24.53,0.25,49.06,18.75,43.75,1.8302,11.1419,Q2:6|Q1:4|Q4:2|Q5:1
track,36,26,15,11.11,0.0,12,33.33,0.23,69.44,25.0,65.62,1.4722,23.3711,Q2:6|Q1:4|Q5:3|Q4:2
line,41,37,16,2.44,0.0,12,29.27,0.23,73.17,27.5,72.5,1.9756,27.6946,Q2:10|Q5:2|Q4:2|Q1:1
cable,43,35,18,4.65,0.0,12,27.91,0.23,72.09,24.39,70.73,1.7442,15.8379,Q2:8|Q5:4|Q4:3|Q1:2|Q3:1
column,49,44,18,8.16,4.08,12,24.49,0.23,53.06,18.6,46.51,2.3469,11.9069,Q2:7|Q1:4|Q3:1|Q5:1
lamp,58,55,18,6.9,3.45,12,20.69,0.23,46.55,15.38,40.38,1.5,7.7995,Q8:7|Q1:4|Q5:1
logo,137,109,20,2.92,3.65,12,8.76,0.23,37.96,6.25,33.59,2.9635,4.6433,Q2:6|Q1:4|Q5:2|Q8:1
grout,21,20,14,0.0,0.0,11,52.38,0.21,90.48,52.38,90.48,2.0,17.6362,Q2:10|Q5:3|Q3:2|Q4:1
handrail,26,21,14,23.08,3.85,11,42.31,0.21,84.62,26.32,78.95,2.3846,9.6635,Q1:6|Q2:2|Q5:1|Q3:1|Q4:1
handlebar,30,29,15,10.0,0.0,11,36.67,0.21,70.0,29.63,66.67,2.1,2.0287,Q2:4|Q1:3|Q5:3|Q3:3
balcony,35,32,15,11.43,2.86,11,31.43,0.21,60.0,23.33,53.33,2.2857,7.9391,Q1:4|Q2:4|Q5:2|Q3:1|Q4:1
pillow,37,34,17,18.92,0.0,11,29.73,0.21,48.65,13.33,36.67,1.4595,22.1416,Q1:7|Q5:3|Q2:2|Q3:1|Q4:1
sill,39,34,17,10.26,5.13,11,28.21,0.21,58.97,21.21,51.52,2.6923,12.4713,Q2:6|Q1:4|Q5:1
molding,45,39,18,2.22,2.22,11,24.44,0.21,64.44,23.26,62.79,2.4,21.6291,Q5:6|Q2:4|Q4:1|Q3:1|Q1:1
shrub,46,41,19,0.0,0.0,11,23.91,0.21,63.04,23.91,63.04,1.4565,14.9946,Q2:11|Q4:1|Q5:1
chin,59,58,19,0.0,1.69,11,18.64,0.21,54.24,18.97,53.45,3.2542,0.7547,Q2:8|Q4:2|Q3:1|Q5:1
hood,66,61,20,6.06,1.52,11,16.67,0.21,45.45,11.48,40.98,2.6061,5.4418,Q3:5|Q1:4|Q2:2|Q4:1|Q5:1
mirror,68,61,18,2.94,1.47,11,16.18,0.21,51.47,13.85,49.23,1.6765,11.4354,Q2:7|Q5:3|Q1:2|Q3:1|Q6:1
cap,105,99,20,5.71,0.95,11,10.48,0.21,40.95,5.1,36.73,2.5143,6.786,Q1:6|Q2:2|Q5:2|Q6:1|Q8:1
mullion,13,13,8,46.15,7.69,10,76.92,0.19,100.0,66.67,100.0,3.2308,4.8562,Q1:6|Q2:4
cushion,38,31,17,5.26,0.0,10,26.32,0.19,55.26,22.22,52.78,2.1316,17.8711,Q2:3|Q3:2|Q1:2|Q4:2|Q5:1
backrest,60,57,18,0.0,0.0,10,16.67,0.19,53.33,16.67,53.33,2.1167,17.4515,Q2:4|Q3:4|Q4:2|Q5:2
chair,75,74,18,0.0,1.33,10,13.33,0.19,42.67,13.51,41.89,1.0933,20.846,Q5:4|Q4:3|Q2:3|Q3:1|Q8:1
plate,82,78,18,6.1,0.0,10,12.2,0.19,34.15,6.49,29.87,1.2439,45.7429,Q1:5|Q2:3|Q5:2
lid,95,81,20,6.32,2.11,10,10.53,0.19,36.84,4.6,31.03,2.2947,9.0496,Q1:6|Q2:2|Q5:2|Q3:1
pants,138,124,20,0.0,0.0,10,7.25,0.19,42.75,7.25,42.75,2.0797,16.8195,Q2:5|Q4:2|Q3:1|Q7:1|Q5:1
counter,17,14,11,29.41,11.76,9,52.94,0.17,70.59,40.0,50.0,1.4706,22.8041,Q1:5|Q3:2|Q4:2|Q8:1
skin,24,22,12,4.17,4.17,9,37.5,0.17,62.5,36.36,59.09,2.6667,12.7171,Q2:7|Q3:3|Q5:2|Q1:1|Q4:1
tray,28,26,13,14.29,3.57,9,32.14,0.17,60.71,21.74,52.17,1.5,24.2354,Q3:4|Q1:4|Q2:3|Q4:1
mesh,28,25,15,7.14,0.0,9,32.14,0.17,67.86,26.92,65.38,2.2857,22.0218,Q2:7|Q3:3|Q1:2|Q6:1|Q4:1
beam,29,27,17,17.24,3.45,9,31.03,0.17,68.97,17.39,60.87,2.4483,14.8866,Q1:5|Q2:4|Q4:1|Q5:1
shoulder,33,32,17,21.21,0.0,9,27.27,0.17,72.73,7.69,65.38,2.7273,3.9712,Q1:7|Q2:2|Q4:1|Q5:1
hinge,34,31,16,5.88,2.94,9,26.47,0.17,55.88,22.58,51.61,2.2647,4.4544,Q2:3|Q1:2|Q3:2|Q5:1|Q4:1
zipper,41,36,18,12.2,9.76,9,21.95,0.17,68.29,12.5,59.38,2.9268,2.7985,Q1:5|Q3:4|Q2:2
plant,42,39,18,0.0,0.0,9,21.43,0.17,47.62,21.43,47.62,1.2143,17.8121,Q2:7|Q8:2|Q4:1|Q5:1
paper,45,39,19,8.89,4.44,9,20.0,0.17,55.56,12.82,48.72,1.6444,20.1498,Q1:4|Q2:3|Q3:3|Q4:1|Q5:1
wing,52,49,17,5.77,1.92,9,17.31,0.17,51.92,12.5,47.92,2.1538,9.3794,Q1:3|Q4:3|Q2:2|Q3:1
windshield,54,48,20,5.56,1.85,9,16.67,0.17,48.15,12.0,44.0,2.3333,6.2343,Q3:4|Q1:3|Q5:2|Q2:1
bumper,76,66,20,3.95,3.95,9,11.84,0.17,42.11,8.57,37.14,2.1579,5.5996,Q4:3|Q1:3|Q2:2|Q8:1|Q5:1
twig,15,13,10,0.0,13.33,8,53.33,0.15,80.0,61.54,76.92,2.4,16.4287,Q2:8
toy,18,17,11,11.11,5.56,8,44.44,0.15,83.33,40.0,80.0,1.3333,21.1122,Q5:3|Q3:3|Q1:2|Q4:2|Q6:1
arch,19,17,13,15.79,0.0,8,42.11,0.15,78.95,31.25,75.0,2.8947,8.6516,Q5:3|Q1:3|Q6:2|Q2:1|Q3:1
spectator,20,19,13,0.0,0.0,8,40.0,0.15,95.0,40.0,95.0,1.3,62.3355,Q2:5|Q3:3|Q7:1
plank,21,19,13,0.0,4.76,8,38.1,0.15,71.43,40.0,70.0,2.5238,27.4686,Q2:8|Q5:1|Q3:1
bed,23,21,13,4.35,0.0,8,34.78,0.15,73.91,31.82,72.73,1.1304,49.7748,Q5:6|Q2:4|Q8:3|Q3:3|Q4:1
marking,23,22,13,4.35,0.0,8,34.78,0.15,82.61,31.82,81.82,2.3478,14.4213,Q5:5|Q2:3|Q1:1|Q3:1|Q6:1
reflection,25,25,15,8.0,0.0,8,32.0,0.15,80.0,26.09,78.26,2.4,14.9504,Q2:4|Q5:3|Q1:2|Q3:2|Q4:1
text,25,22,12,0.0,0.0,8,32.0,0.15,76.0,32.0,76.0,2.84,9.708,Q2:7|Q6:1|Q5:1
basket,26,23,16,7.69,0.0,8,30.77,0.15,38.46,25.0,33.33,1.4231,6.36,Q3:3|Q1:2|Q2:2|Q4:1
bicycle,30,28,14,0.0,3.33,8,26.67,0.15,60.0,27.59,58.62,1.3333,12.7517,Q4:5|Q2:3|Q8:1|Q7:1|Q3:1
lip,36,34,19,8.33,8.33,8,22.22,0.15,80.56,16.67,76.67,4.0278,0.5992,Q4:3|Q1:3|Q5:2|Q2:1
nostril,40,40,19,17.5,0.0,8,20.0,0.15,50.0,3.03,39.39,3.675,1.329,Q1:7|Q3:1
brim,43,42,17,4.65,0.0,8,18.6,0.15,48.84,14.63,46.34,3.7209,4.2207,Q2:5|Q1:2|Q5:1|Q4:1
jacket,90,88,20,0.0,1.11,8,8.89,0.15,42.22,8.99,41.57,2.1222,18.9651,Q5:3|Q3:2|Q2:2|Q6:1
petal,11,9,7,0.0,0.0,7,63.64,0.14,90.91,63.64,90.91,2.7273,22.5891,Q2:7
lane,14,14,10,28.57,7.14,7,50.0,0.14,92.86,33.33,88.89,2.0714,18.5271,Q1:4|Q3:3|Q4:3|Q2:3|Q5:2
fingertip,14,14,9,21.43,0.0,7,50.0,0.14,85.71,36.36,81.82,4.0714,0.9864,Q1:3|Q2:3|Q4:1|Q5:1
topping,14,14,11,7.14,7.14,7,50.0,0.14,78.57,50.0,75.0,2.2143,15.7614,Q2:5|Q5:2|Q7:1|Q8:1|Q1:1
fingernail,19,18,13,0.0,0.0,7,36.84,0.14,73.68,36.84,73.68,4.2632,2.8489,Q2:7
body,20,20,14,5.0,0.0,7,35.0,0.14,60.0,31.58,57.89,2.1,6.979,Q2:2|Q3:2|Q4:1|Q1:1|Q6:1
truck,20,20,15,0.0,0.0,7,35.0,0.14,50.0,35.0,50.0,1.15,14.7475,Q3:3|Q4:3|Q6:1|Q5:1
clothing,21,19,14,4.76,0.0,7,33.33,0.14,71.43,30.0,70.0,2.6667,23.6881,Q2:5|Q3:3|Q5:2|Q1:1
house,27,24,15,7.41,3.7,7,25.93,0.14,66.67,20.83,62.5,1.3704,13.7611,Q5:2|Q8:2|Q1:2|Q2:2|Q4:2
platform,29,26,15,6.9,3.45,7,24.14,0.14,44.83,19.23,38.46,1.7241,20.5955,Q2:3|Q5:3|Q3:2|Q4:2|Q1:2
bush,30,30,14,0.0,0.0,7,23.33,0.14,50.0,23.33,50.0,1.3,21.6587,Q2:6|Q5:1
buckle,34,26,17,11.76,8.82,7,20.59,0.14,52.94,11.11,40.74,2.7647,3.0518,Q1:4|Q2:3
tip,35,30,16,8.57,14.29,7,20.0,0.14,77.14,14.81,70.37,2.8857,7.2917,Q1:3|Q2:3|Q3:1
curtain,45,40,18,6.67,0.0,7,15.56,0.14,48.89,9.52,45.24,1.3556,21.2773,Q1:3|Q2:2|Q6:1|Q3:1|Q5:1
number,47,44,16,2.13,0.0,7,14.89,0.14,63.83,13.04,63.04,3.1277,5.3085,Q2:6|Q1:1|Q5:1
lace,50,48,17,4.0,4.0,7,14.0,0.14,60.0,10.87,56.52,3.0,3.9518,Q3:2|Q2:2|Q1:2|Q5:1
hat,51,45,16,3.92,0.0,7,13.73,0.14,60.78,10.2,59.18,2.5294,15.31,Q8:2|Q3:2|Q1:2|Q2:1
vent,55,48,19,10.91,12.73,7,12.73,0.14,50.91,2.38,35.71,2.3273,4.5007,Q1:6|Q2:2|Q3:1
water,59,54,19,0.0,1.69,7,11.86,0.14,35.59,12.07,34.48,1.2542,34.2888,Q2:5|Q3:1|Q8:1
tire,60,51,19,0.0,0.0,7,11.67,0.14,61.67,11.67,61.67,2.5667,12.6498,Q2:4|Q5:3|Q3:2
ceiling,68,67,20,0.0,0.0,7,10.29,0.14,44.12,10.29,44.12,1.1912,21.5347,Q2:3|Q3:2|Q5:1|Q8:1
road,76,72,19,0.0,1.32,7,9.21,0.14,40.79,9.33,40.0,1.2237,29.9468,Q2:6|Q5:1
glove,78,68,19,1.28,0.0,7,8.97,0.14,38.46,7.79,37.66,1.8333,6.4914,Q5:2|Q2:2|Q4:2|Q3:1|Q1:1
stove,10,10,10,30.0,10.0,6,60.0,0.12,70.0,50.0,50.0,1.2,19.961,Q1:3|Q8:2|Q4:1
bar,12,12,9,33.33,0.0,6,50.0,0.12,83.33,25.0,75.0,2.75,10.4283,Q1:4|Q5:2|Q4:1
peel,12,10,7,16.67,0.0,6,50.0,0.12,91.67,40.0,90.0,2.25,16.4242,Q2:4|Q1:2
pillar,14,14,11,14.29,0.0,6,42.86,0.12,64.29,33.33,58.33,2.2143,15.4207,Q2:4|Q1:2|Q3:1|Q6:1
ramp,14,11,7,7.14,0.0,6,42.86,0.12,71.43,38.46,69.23,1.3571,34.285,Q5:4|Q2:3|Q4:2|Q8:1|Q1:1
peak,15,14,10,6.67,0.0,6,40.0,0.12,80.0,35.71,78.57,2.4,4.5153,Q2:4|Q4:1|Q1:1
back,17,17,11,11.76,5.88,6,35.29,0.12,76.47,28.57,71.43,2.1176,9.8729,Q2:3|Q1:2|Q3:1|Q5:1
snout,19,17,11,15.79,5.26,6,31.58,0.12,73.68,20.0,66.67,2.9474,2.5042,Q2:3|Q1:3|Q3:1
wiper,20,18,12,20.0,0.0,6,30.0,0.12,60.0,12.5,50.0,2.25,4.191,Q1:4|Q5:3|Q2:1|Q3:1|Q4:1
key,20,17,13,5.0,0.0,6,30.0,0.12,85.0,26.32,84.21,2.4,12.985,Q2:5|Q1:1
nail,21,20,11,9.52,0.0,6,28.57,0.12,66.67,21.05,63.16,4.0952,1.9576,Q2:4|Q1:2
court,22,22,12,0.0,0.0,6,27.27,0.12,72.73,27.27,72.73,1.0455,57.9886,Q4:3|Q8:2|Q5:2|Q2:1|Q3:1
field,24,20,12,4.17,4.17,6,25.0,0.12,66.67,22.73,63.64,1.2917,38.3371,Q2:3|Q5:1|Q8:1|Q1:1
cheese,26,23,14,7.69,7.69,6,23.08,0.12,65.38,18.18,59.09,2.2308,26.8688,Q2:3|Q1:2|Q3:1
container,28,27,17,7.14,7.14,6,21.43,0.12,60.71,16.67,54.17,1.7857,16.6014,Q3:2|Q2:2|Q1:2|Q8:1
phone,29,28,15,13.79,6.9,6,20.69,0.12,48.28,8.7,34.78,1.3448,9.0524,Q1:4|Q8:2
thumb,29,28,15,6.9,0.0,6,20.69,0.12,68.97,14.81,66.67,3.3793,5.0017,Q3:2|Q2:2|Q1:2|Q5:1
knob,36,32,17,11.11,0.0,6,16.67,0.12,38.89,6.25,31.25,2.5,2.9503,Q1:4|Q2:3|Q3:1
desk,36,30,17,5.56,2.78,6,16.67,0.12,77.78,12.12,75.76,1.2778,46.7033,Q3:2|Q1:2|Q4:1|Q5:1
keyboard,45,36,17,4.44,0.0,6,13.33,0.12,28.89,9.3,25.58,1.6889,10.3896,Q8:3|Q1:2|Q6:1
lens,45,44,18,0.0,0.0,6,13.33,0.12,42.22,13.33,42.22,2.8889,3.7789,Q2:5|Q5:2|Q4:1
box,49,42,19,8.16,12.24,6,12.24,0.12,46.94,5.13,33.33,1.5306,20.4253,Q1:4|Q3:1|Q4:1
mountain,50,45,20,4.0,2.0,6,12.0,0.12,46.0,8.51,42.55,1.22,22.3518,Q2:2|Q1:2|Q4:1|Q3:1
label,63,52,18,4.76,0.0,6,9.52,0.12,50.79,5.0,48.33,2.4127,7.7786,Q1:3|Q3:2|Q6:1|Q4:1|Q2:1
bottle,70,68,19,1.43,1.43,6,8.57,0.12,31.43,7.35,29.41,1.3,11.8489,Q2:2|Q8:1|Q1:1|Q4:1|Q5:1
slice,10,9,7,10.0,0.0,5,50.0,0.1,60.0,44.44,55.56,2.5,21.179,Q2:2|Q3:2|Q1:1
sausage,10,9,7,0.0,0.0,5,50.0,0.1,80.0,50.0,80.0,2.2,18.056,Q2:4|Q3:1
muzzle,12,12,9,41.67,0.0,5,41.67,0.1,83.33,0.0,71.43,2.6667,8.8783,Q1:5
batter,12,12,11,8.33,0.0,5,41.67,0.1,83.33,36.36,81.82,1.1667,31.6083,Q3:5|Q1:1|Q4:1|Q6:1
foam,12,11,9,8.33,0.0,5,41.67,0.1,58.33,36.36,54.55,2.9167,17.2175,Q2:4|Q1:1|Q5:1
border,12,12,9,8.33,0.0,5,41.67,0.1,83.33,36.36,81.82,2.75,13.0492,Q2:2|Q5:2|Q3:1|Q1:1
tread,12,10,8,8.33,0.0,5,41.67,0.1,58.33,36.36,54.55,3.1667,14.4425,Q2:2|Q5:2|Q1:1
trim,13,13,11,15.38,0.0,5,38.46,0.1,76.92,27.27,72.73,2.8462,4.3608,Q2:2|Q1:2|Q5:1
rack,15,12,10,20.0,0.0,5,33.33,0.1,73.33,16.67,66.67,2.1333,9.1887,Q1:3|Q8:1|Q4:1|Q5:1
sheet,15,13,11,20.0,0.0,5,33.33,0.1,66.67,16.67,58.33,2.2,35.9327,Q1:3|Q4:1|Q3:1
toe,15,15,12,13.33,0.0,5,33.33,0.1,73.33,23.08,69.23,3.5333,1.5927,Q2:3|Q1:2|Q5:1
rope,15,13,12,0.0,6.67,5,33.33,0.1,60.0,35.71,57.14,1.8667,12.588,Q2:2|Q5:2|Q4:1
chimney,17,16,12,17.65,11.76,5,29.41,0.1,70.59,16.67,58.33,1.9412,0.96,Q1:3|Q2:2
ankle,17,17,12,11.76,5.88,5,29.41,0.1,70.59,21.43,64.29,3.0,1.2659,Q2:3|Q1:2
tower,17,17,12,5.88,5.88,5,29.41,0.1,64.71,26.67,60.0,1.6471,18.6341,Q5:2|Q1:1|Q3:1|Q2:1
cornice,17,16,11,0.0,0.0,5,29.41,0.1,76.47,29.41,76.47,2.4118,13.2565,Q2:3|Q4:1|Q5:1
pant,20,19,12,10.0,0.0,5,25.0,0.1,45.0,16.67,38.89,2.15,14.0755,Q1:2|Q4:1|Q8:1|Q2:1|Q5:1
ski,21,20,13,4.76,0.0,5,23.81,0.1,38.1,20.0,35.0,1.0952,12.3781,Q4:2|Q2:1|Q6:1|Q1:1
bolt,21,20,14,4.76,9.52,5,23.81,0.1,57.14,22.22,50.0,2.5714,6.5252,Q2:4|Q1:1
monitor,24,18,12,20.83,4.17,5,20.83,0.1,50.0,0.0,33.33,1.5833,18.2771,Q1:5
display,24,23,15,4.17,0.0,5,20.83,0.1,41.67,17.39,39.13,2.6667,5.9792,Q3:3|Q6:1|Q2:1|Q4:1|Q7:1
faucet,26,25,13,11.54,0.0,5,19.23,0.1,42.31,8.7,34.78,1.2692,3.6419,Q1:3|Q8:2|Q4:1
napkin,30,28,13,13.33,10.0,5,16.67,0.1,56.67,4.35,43.48,1.1667,24.8273,Q1:4|Q3:1
top,34,30,16,0.0,0.0,5,14.71,0.1,50.0,14.71,50.0,2.2941,7.3047,Q5:3|Q4:1|Q2:1
eyebrow,40,39,19,0.0,0.0,5,12.5,0.1,62.5,12.5,62.5,3.25,2.468,Q2:4|Q4:1
bench,43,42,17,6.98,0.0,5,11.63,0.1,37.21,5.0,32.5,1.2326,24.8265,Q1:3|Q2:2|Q5:1
sock,44,41,17,0.0,2.27,5,11.36,0.1,34.09,11.63,32.56,2.4773,6.9248,Q4:3|Q2:2|Q3:1
knot,10,10,8,40.0,0.0,4,40.0,0.08,70.0,0.0,50.0,2.7,3.017,Q1:4
oven,10,10,8,10.0,0.0,4,40.0,0.08,70.0,33.33,66.67,1.4,38.026,Q8:1|Q1:1|Q3:1|Q5:1
deck,10,9,6,10.0,20.0,4,40.0,0.08,80.0,42.86,71.43,2.0,7.356,Q2:2|Q1:1|Q5:1
crack,10,9,8,10.0,10.0,4,40.0,0.08,80.0,37.5,75.0,2.2,7.766,Q2:2|Q3:1|Q1:1
spoke,10,10,7,0.0,0.0,4,40.0,0.08,70.0,40.0,70.0,3.2,4.892,Q2:4|Q3:1
statue,11,10,7,27.27,9.09,4,36.36,0.08,54.55,14.29,28.57,1.5455,5.1109,Q1:3|Q2:2|Q3:1
spine,11,8,7,0.0,0.0,4,36.36,0.08,90.91,36.36,90.91,2.4545,13.2327,Q2:4
baseboard,12,12,8,33.33,0.0,4,33.33,0.08,75.0,0.0,62.5,1.6667,9.2267,Q1:4|Q2:1|Q3:1
lamppost,12,10,7,8.33,0.0,4,33.33,0.08,66.67,27.27,63.64,1.3333,12.0642,Q3:2|Q8:1|Q1:1
archway,12,10,10,0.0,0.0,4,33.33,0.08,75.0,33.33,75.0,2.1667,12.8483,Q5:3|Q4:1|Q3:1|Q8:1
sheep,12,11,8,0.0,0.0,4,33.33,0.08,58.33,33.33,58.33,1.3333,30.28,Q2:2|Q8:1|Q3:1|Q7:1
tent,13,13,11,30.77,0.0,4,30.77,0.08,53.85,0.0,33.33,1.3077,8.6623,Q1:4
barrier,13,13,9,23.08,7.69,4,30.77,0.08,69.23,11.11,55.56,1.6154,25.6123,Q1:3|Q2:2|Q3:2|Q4:1|Q5:1
cover,15,15,10,13.33,6.67,4,26.67,0.08,60.0,16.67,50.0,2.5333,12.778,Q3:2|Q1:2|Q4:1
dial,15,14,11,13.33,0.0,4,26.67,0.08,60.0,15.38,53.85,2.6667,2.9733,Q1:2|Q5:1|Q3:1
bracelet,15,14,11,13.33,0.0,4,26.67,0.08,26.67,15.38,15.38,1.8,1.5227,Q4:2|Q5:2|Q1:2
meat,15,14,11,13.33,13.33,4,26.67,0.08,93.33,18.18,90.91,1.9333,17.4547,Q1:2|Q4:1|Q2:1
sandwich,15,15,12,6.67,0.0,4,26.67,0.08,53.33,21.43,50.0,1.2,39.178,Q2:2|Q1:1|Q3:1|Q4:1|Q5:1
refrigerator,15,15,9,0.0,0.0,4,26.67,0.08,46.67,26.67,46.67,1.0667,32.5987,Q5:2|Q3:1|Q4:1|Q8:1|Q2:1
bark,16,15,11,12.5,6.25,4,25.0,0.08,81.25,15.38,76.92,2.9375,15.7963,Q1:2|Q2:2
beach,16,16,12,6.25,0.0,4,25.0,0.08,50.0,20.0,46.67,1.0,57.5787,Q4:2|Q1:1|Q3:1|Q5:1|Q6:1
banana,16,14,11,0.0,0.0,4,25.0,0.08,37.5,25.0,37.5,1.3125,32.8494,Q2:3|Q4:1
lapel,17,16,13,5.88,0.0,4,23.53,0.08,70.59,18.75,68.75,3.0588,11.5076,Q5:2|Q1:1|Q2:1
beard,17,17,13,5.88,0.0,4,23.53,0.08,82.35,18.75,81.25,3.2941,3.3741,Q1:1|Q4:1|Q8:1|Q5:1
outlet,18,16,10,5.56,0.0,4,22.22,0.08,33.33,17.65,29.41,1.6667,2.8789,Q8:3|Q1:1
sauce,18,17,11,5.56,5.56,4,22.22,0.08,44.44,18.75,37.5,1.9444,20.5161,Q2:1|Q1:1|Q5:1|Q3:1
poster,18,15,9,0.0,0.0,4,22.22,0.08,66.67,22.22,66.67,1.5556,21.1628,Q6:1|Q4:1|Q5:1|Q2:1
bread,19,16,11,5.26,0.0,4,21.05,0.08,63.16,16.67,61.11,1.8947,23.3053,Q4:2|Q3:1|Q1:1|Q5:1
cord,19,18,12,5.26,0.0,4,21.05,0.08,63.16,16.67,61.11,1.4737,10.1511,Q5:2|Q2:1|Q1:1
blade,19,18,12,5.26,0.0,4,21.05,0.08,31.58,16.67,27.78,2.2632,6.9542,Q3:1|Q1:1|Q2:1|Q4:1
neckline,20,19,13,10.0,5.0,4,20.0,0.08,60.0,11.76,52.94,3.0,6.1495,Q1:2|Q2:1|Q5:1
doorway,20,19,10,5.0,5.0,4,20.0,0.08,70.0,16.67,66.67,2.0,9.3495,Q5:2|Q8:1|Q1:1
cockpit,20,18,11,5.0,0.0,4,20.0,0.08,30.0,15.79,26.32,2.55,1.5865,Q2:2|Q8:1|Q1:1|Q5:1
tine,20,20,13,5.0,0.0,4,20.0,0.08,60.0,15.79,57.89,2.25,6.3045,Q2:2|Q5:1|Q1:1
stand,24,20,13,8.33,4.17,4,16.67,0.08,66.67,9.52,61.9,1.8333,11.4029,Q1:2|Q4:1|Q5:1|Q3:1
fork,26,25,14,3.85,0.0,4,15.38,0.08,38.46,12.0,36.0,1.1538,17.6823,Q2:3|Q1:1
pipe,28,27,14,3.57,3.57,4,14.29,0.08,50.0,11.54,46.15,1.75,13.2829,Q4:2|Q2:1|Q1:1
fender,29,28,15,6.9,3.45,4,13.79,0.08,44.83,7.69,38.46,2.069,8.4755,Q1:2|Q3:1|Q2:1|Q5:1
boot,30,29,14,0.0,0.0,4,13.33,0.08,30.0,13.33,30.0,2.3,6.1053,Q6:1|Q5:1|Q3:1|Q4:1
grille,32,31,12,9.38,6.25,4,12.5,0.08,31.25,3.7,18.52,2.375,3.5391,Q1:3|Q2:1|Q3:1|Q4:1
forest,34,33,14,0.0,0.0,4,11.76,0.08,41.18,11.76,41.18,1.2353,32.8529,Q2:2|Q4:1|Q6:1
sunglasses,35,31,18,2.86,2.86,4,11.43,0.08,37.14,9.09,33.33,2.8,3.5326,Q2:3|Q5:1|Q1:1
paw,36,33,16,0.0,0.0,4,11.11,0.08,44.44,11.11,44.44,2.6111,6.6533,Q2:2|Q4:1|Q8:1
skateboard,37,37,14,0.0,0.0,4,10.81,0.08,29.73,10.81,29.73,1.0811,8.3168,Q8:3|Q5:1|Q3:1
bowl,39,38,15,0.0,7.69,4,10.26,0.08,33.33,11.11,27.78,1.2308,26.2815,Q2:4
mane,39,36,18,0.0,0.0,4,10.26,0.08,51.28,10.26,51.28,2.2821,14.0344,Q3:1|Q5:1|Q2:1|Q4:1
curb,41,40,17,2.44,0.0,4,9.76,0.08,41.46,7.5,40.0,1.9024,15.3751,Q2:2|Q4:1|Q1:1
countertop,43,43,16,6.98,4.65,4,9.3,0.08,34.88,2.63,26.32,1.3721,27.4665,Q1:3|Q5:1
helmet,56,48,19,0.0,0.0,4,7.14,0.08,30.36,7.14,30.36,2.25,5.6427,Q3:2|Q8:2|Q4:1
ladder,10,9,8,10.0,0.0,3,30.0,0.06,60.0,22.22,55.56,2.2,3.204,Q2:2|Q1:1
gate,10,9,9,10.0,0.0,3,30.0,0.06,80.0,22.22,77.78,1.7,22.627,Q5:1|Q3:1|Q4:1|Q1:1
fin,10,10,8,10.0,10.0,3,30.0,0.06,70.0,25.0,62.5,2.3,6.798,Q3:2|Q4:1|Q5:1|Q1:1
jar,10,9,8,0.0,0.0,3,30.0,0.06,40.0,30.0,40.0,1.6,15.526,Q3:2|Q2:1|Q8:1
staircase,10,10,10,0.0,0.0,3,30.0,0.06,50.0,30.0,50.0,1.3,16.303,Q8:1|Q4:1|Q3:1
spire,10,8,6,0.0,0.0,3,30.0,0.06,50.0,30.0,50.0,2.8,8.663,Q3:2|Q5:1
step,11,10,8,0.0,0.0,3,27.27,0.06,45.45,27.27,45.45,2.0909,7.1673,Q2:3|Q5:2
spout,12,12,9,16.67,8.33,3,25.0,0.06,58.33,11.11,44.44,2.1667,3.13,Q1:2|Q5:1
path,12,11,9,16.67,0.0,3,25.0,0.06,50.0,10.0,40.0,1.9167,16.8642,Q1:2|Q2:1
visor,12,12,10,16.67,8.33,3,25.0,0.06,66.67,11.11,55.56,3.0,3.1858,Q1:2|Q2:1|Q3:1|Q5:1
icon,12,12,8,8.33,0.0,3,25.0,0.06,66.67,18.18,63.64,3.4167,3.5667,Q2:3|Q1:1|Q3:1|Q5:1
kite,12,11,9,0.0,0.0,3,25.0,0.06,50.0,25.0,50.0,1.5833,26.1425,Q2:3|Q4:1
patch,13,11,8,23.08,7.69,3,23.08,0.06,46.15,0.0,22.22,3.3077,2.3723,Q1:3
fold,13,12,9,7.69,23.08,3,23.08,0.06,69.23,22.22,55.56,2.6154,17.0038,Q2:2|Q1:1|Q3:1|Q4:1|Q5:1
numeral,13,11,8,0.0,0.0,3,23.08,0.06,61.54,23.08,61.54,3.3846,9.3523,Q2:2|Q5:1
grip,14,14,12,7.14,7.14,3,21.43,0.06,85.71,16.67,83.33,2.7143,5.285,Q5:1|Q6:1|Q3:1|Q1:1
chain,15,12,11,6.67,0.0,3,20.0,0.06,46.67,14.29,42.86,2.2667,2.9413,Q5:1|Q2:1|Q1:1
placket,15,15,9,6.67,0.0,3,20.0,0.06,60.0,14.29,57.14,2.9333,6.264,Q1:1|Q4:1|Q5:1
shaft,16,16,10,6.25,0.0,3,18.75,0.06,62.5,13.33,60.0,2.125,24.6988,Q2:3|Q1:1|Q3:1
shade,18,17,11,11.11,0.0,3,16.67,0.06,33.33,6.25,25.0,2.0,5.2067,Q2:2|Q1:2|Q4:1|Q3:1
flap,18,17,12,11.11,11.11,3,16.67,0.06,38.89,7.14,21.43,3.1111,3.1144,Q1:2|Q2:1
lettuce,18,14,10,0.0,0.0,3,16.67,0.06,83.33,16.67,83.33,2.1667,16.5706,Q4:2|Q2:1|Q3:1
bridge,20,17,11,15.0,5.0,3,15.0,0.06,70.0,0.0,62.5,1.35,15.2975,Q1:3
traffic_light,20,20,13,0.0,0.0,3,15.0,0.06,20.0,15.0,20.0,1.15,16.9065,Q5:2|Q8:1
knife,22,21,14,4.55,0.0,3,13.64,0.06,36.36,9.52,33.33,1.1818,16.5205,Q8:1|Q1:1|Q4:1
wristband,24,23,17,0.0,0.0,3,12.5,0.06,25.0,12.5,25.0,2.0833,3.17,Q3:2|Q8:1
tomato,25,23,14,4.0,4.0,3,12.0,0.06,52.0,8.7,47.83,1.76,15.6724,Q6:1|Q2:1|Q5:1|Q1:1
zebra,25,24,15,0.0,0.0,3,12.0,0.06,44.0,12.0,44.0,1.08,43.3268,Q5:3|Q2:1|Q8:1
awning,26,23,12,7.69,11.54,3,11.54,0.06,53.85,4.76,42.86,1.9615,8.0265,Q1:2|Q4:1
wave,26,23,13,0.0,0.0,3,11.54,0.06,61.54,11.54,61.54,1.8846,38.4135,Q2:2|Q4:1
hoof,27,27,14,0.0,0.0,3,11.11,0.06,66.67,11.11,66.67,3.0,4.6693,Q3:1|Q4:1|Q2:1
armrest,28,27,14,0.0,0.0,3,10.71,0.06,50.0,10.71,50.0,2.0714,11.6089,Q3:2|Q2:1
shadow,28,27,15,0.0,0.0,3,10.71,0.06,53.57,10.71,53.57,1.8214,25.2343,Q2:3|Q5:1|Q3:1
airplane,31,29,14,3.23,0.0,3,9.68,0.06,38.71,6.67,36.67,1.2903,25.5258,Q5:2|Q1:1|Q2:1|Q4:1
taillight,34,30,16,2.94,0.0,3,8.82,0.06,47.06,6.06,45.45,2.0588,3.4824,Q8:1|Q1:1|Q2:1
picture,36,32,15,0.0,2.78,3,8.33,0.06,36.11,8.57,34.29,1.6389,6.1511,Q8:2|Q2:1
graphic,37,33,14,2.7,5.41,3,8.11,0.06,54.05,5.88,50.0,3.1892,3.8268,Q1:1|Q4:1|Q2:1
engine,37,35,17,2.7,10.81,3,8.11,0.06,48.65,3.12,40.62,2.1622,5.3484,Q1:1|Q3:1|Q2:1
sticker,37,28,14,0.0,2.7,3,8.11,0.06,32.43,8.33,30.56,2.4595,7.4627,Q2:3
glasses,43,41,18,0.0,0.0,3,6.98,0.06,39.53,6.98,39.53,2.4651,2.3681,Q5:2|Q8:1
headlight,58,52,18,1.72,0.0,3,5.17,0.06,27.59,3.51,26.32,2.3103,3.1064,Q2:2|Q1:1
screen,63,55,20,4.76,1.59,3,4.76,0.06,28.57,0.0,23.73,2.4444,9.7627,Q1:3|Q2:1|Q3:1
rod,10,10,9,20.0,0.0,2,20.0,0.04,40.0,0.0,25.0,1.9,9.565,Q1:2
locomotive,10,10,7,10.0,0.0,2,20.0,0.04,50.0,11.11,44.44,1.2,30.871,Q1:1|Q2:1
headband,10,10,9,0.0,0.0,2,20.0,0.04,40.0,20.0,40.0,2.6,4.175,Q3:1|Q2:1|Q5:1
tablecloth,10,10,8,0.0,0.0,2,20.0,0.04,20.0,20.0,20.0,1.4,58.689,Q3:1|Q2:1
scale,11,10,10,18.18,9.09,2,18.18,0.04,54.55,0.0,37.5,1.5455,3.5882,Q1:2|Q2:1|Q3:1
pedestal,11,11,10,9.09,0.0,2,18.18,0.04,54.55,10.0,50.0,2.0,5.5136,Q2:1|Q3:1|Q6:1|Q1:1
teddy_bear,11,9,5,9.09,0.0,2,18.18,0.04,45.45,10.0,40.0,1.2727,25.2809,Q1:1|Q2:1
frosting,11,11,10,0.0,0.0,2,18.18,0.04,54.55,18.18,54.55,2.2727,28.4273,Q3:2|Q4:1|Q5:1
carrot,12,12,8,16.67,0.0,2,16.67,0.04,50.0,0.0,40.0,1.5833,13.4125,Q1:2
drain,12,12,8,16.67,0.0,2,16.67,0.04,25.0,0.0,10.0,2.0,1.1992,Q1:2
pot,12,12,9,8.33,0.0,2,16.67,0.04,41.67,9.09,36.36,1.3333,15.3975,Q1:1|Q5:1
carpet,12,12,8,0.0,0.0,2,16.67,0.04,41.67,16.67,41.67,1.75,28.8742,Q5:1|Q3:1
nozzle,13,13,10,15.38,15.38,2,15.38,0.04,69.23,0.0,55.56,2.2308,5.6569,Q1:2
opening,13,13,9,0.0,0.0,2,15.38,0.04,53.85,15.38,53.85,3.0769,2.9977,Q3:1|Q4:1
mask,14,13,12,7.14,0.0,2,14.29,0.04,50.0,7.69,46.15,2.5714,2.4914,Q1:1|Q5:1
vest,14,14,9,7.14,0.0,2,14.29,0.04,42.86,7.69,38.46,2.1429,13.8464,Q1:1|Q8:1
slope,15,15,11,13.33,6.67,2,13.33,0.04,53.33,0.0,41.67,1.8,53.984,Q1:2
broccoli,15,14,10,6.67,0.0,2,13.33,0.04,53.33,7.14,50.0,1.3333,31.6827,Q2:1|Q1:1
ring,15,14,11,6.67,0.0,2,13.33,0.04,26.67,7.14,21.43,2.7333,1.1807,Q5:1|Q1:1
sweater,15,15,10,0.0,0.0,2,13.33,0.04,40.0,13.33,40.0,2.0,29.7,Q2:1|Q5:1
ocean,15,15,10,0.0,0.0,2,13.33,0.04,40.0,13.33,40.0,1.2667,57.412,Q3:1|Q5:1
blanket,16,15,11,6.25,6.25,2,12.5,0.04,43.75,7.14,35.71,1.375,41.0175,Q2:1|Q1:1
hose,16,15,12,6.25,0.0,2,12.5,0.04,37.5,6.67,33.33,2.125,6.0263,Q3:1|Q5:1|Q1:1
cake,16,16,12,0.0,0.0,2,12.5,0.04,25.0,12.5,25.0,1.125,32.2056,Q4:2|Q2:1|Q5:1
switch,16,16,11,0.0,0.0,2,12.5,0.04,43.75,12.5,43.75,2.0,2.4494,Q2:2
food,16,15,10,0.0,18.75,2,12.5,0.04,56.25,15.38,46.15,1.875,13.8812,Q7:1|Q2:1|Q8:1
banner,16,16,12,0.0,0.0,2,12.5,0.04,31.25,12.5,31.25,1.3125,17.1931,Q4:1|Q8:1
flag,17,16,10,5.88,0.0,2,11.76,0.04,35.29,6.25,31.25,1.7647,11.4729,Q2:2|Q1:1|Q3:1|Q5:1
log,17,16,11,5.88,5.88,2,11.76,0.04,35.29,6.67,26.67,1.2941,20.2941,Q1:1|Q2:1
spoon,17,16,13,0.0,5.88,2,11.76,0.04,23.53,12.5,18.75,1.1176,8.2271,Q3:2
arrow,17,15,11,0.0,0.0,2,11.76,0.04,29.41,11.76,29.41,2.5882,3.9824,Q2:1|Q5:1
stripe,17,17,8,0.0,0.0,2,11.76,0.04,41.18,11.76,41.18,3.3529,4.9353,Q2:2|Q5:1
backpack,18,17,11,5.56,0.0,2,11.11,0.04,44.44,5.88,41.18,1.2222,8.2267,Q1:1|Q3:1|Q5:1
mouse,19,17,12,10.53,0.0,2,10.53,0.04,26.32,0.0,17.65,1.3684,4.9063,Q1:2
canopy,19,19,13,5.26,10.53,2,10.53,0.04,68.42,6.25,62.5,2.1579,11.6095,Q1:1|Q3:1
vase,19,19,12,5.26,0.0,2,10.53,0.04,15.79,5.56,11.11,1.0526,14.81,Q6:1|Q1:1
elephant,19,19,13,5.26,0.0,2,10.53,0.04,21.05,5.56,16.67,1.0,41.7289,Q1:1|Q3:1
jeans,23,23,16,0.0,0.0,2,8.7,0.04,39.13,8.7,39.13,2.087,14.9796,Q3:1|Q5:1
train,23,23,14,0.0,0.0,2,8.7,0.04,47.83,8.7,47.83,1.087,35.3096,Q6:1|Q7:1|Q2:1|Q5:1
tank,24,24,15,4.17,0.0,2,8.33,0.04,54.17,4.35,52.17,2.0833,9.3567,Q2:1|Q1:1
bat,24,24,17,0.0,0.0,2,8.33,0.04,41.67,8.33,41.67,1.0417,9.2508,Q3:1|Q4:1
shorts,25,25,15,4.0,4.0,2,8.0,0.04,32.0,4.35,26.09,2.04,8.9248,Q2:1|Q1:1
drawer,26,25,11,0.0,0.0,2,7.69,0.04,46.15,7.69,46.15,1.9615,10.2535,Q3:1|Q2:1|Q5:1|Q8:1
umbrella,26,26,15,0.0,0.0,2,7.69,0.04,30.77,7.69,30.77,1.0769,22.4558,Q8:1|Q2:1
tie,26,26,14,0.0,0.0,2,7.69,0.04,19.23,7.69,19.23,1.9231,4.4323,Q8:1|Q4:1
giraffe,27,25,17,0.0,0.0,2,7.41,0.04,25.93,7.41,25.93,1.0741,50.0833,Q7:1|Q5:1
fuselage,27,27,13,0.0,0.0,2,7.41,0.04,55.56,7.41,55.56,2.1481,12.5756,Q4:1|Q2:1
racket,30,29,14,0.0,0.0,2,6.67,0.04,33.33,6.67,33.33,1.0333,7.2043,Q8:2
towel,31,29,16,3.23,3.23,2,6.45,0.04,32.26,3.45,27.59,1.1935,19.7565,Q4:1|Q1:1
sink,32,31,16,3.12,0.0,2,6.25,0.04,18.75,3.23,16.13,1.125,7.6378,Q4:1|Q5:1|Q1:1
clock,34,32,18,0.0,0.0,2,5.88,0.04,32.35,5.88,32.35,1.9118,7.67,Q4:1|Q7:1
toilet,35,33,17,0.0,0.0,2,5.71,0.04,25.71,5.71,25.71,1.0571,19.4663,Q2:2|Q5:1
jersey,41,34,18,0.0,0.0,2,4.88,0.04,41.46,4.88,41.46,2.0732,19.2017,Q2:1|Q3:1|Q4:1
elbow,43,43,19,0.0,2.33,2,4.65,0.04,51.16,4.76,50.0,3.1163,3.9472,Q3:2|Q2:1
belly,10,10,9,0.0,0.0,1,10.0,0.02,40.0,10.0,40.0,2.5,1.823,Q2:1
hole,11,11,10,0.0,18.18,1,9.09,0.02,45.45,11.11,33.33,2.3636,10.7982,Q2:1
liquid,11,11,9,0.0,0.0,1,9.09,0.02,54.55,9.09,54.55,2.1818,26.9455,Q5:1
sandal,12,10,6,0.0,0.0,1,8.33,0.02,58.33,8.33,58.33,2.0,2.645,Q2:1|Q5:1
tongue,13,13,10,7.69,15.38,1,7.69,0.02,46.15,0.0,30.0,2.8462,1.0485,Q1:1
onion,13,13,10,0.0,0.0,1,7.69,0.02,61.54,7.69,61.54,1.9231,13.4215,Q2:1
ledge,13,13,9,0.0,0.0,1,7.69,0.02,61.54,7.69,61.54,2.0,14.6915,Q3:1
necklace,14,11,9,0.0,0.0,1,7.14,0.02,35.71,7.14,35.71,2.2143,3.2643,Q5:1
cow,14,13,11,0.0,0.0,1,7.14,0.02,50.0,7.14,50.0,1.0714,35.7964,Q2:1
can,15,15,13,6.67,0.0,1,6.67,0.02,26.67,0.0,21.43,1.2667,9.21,Q1:1|Q2:1|Q3:1
tag,15,14,9,6.67,0.0,1,6.67,0.02,40.0,0.0,35.71,2.0667,14.4667,Q1:1
hydrant,15,15,9,0.0,0.0,1,6.67,0.02,6.67,6.67,6.67,1.0,11.9527,Q2:1
hub,15,14,12,0.0,26.67,1,6.67,0.02,80.0,9.09,72.73,2.8667,8.7293,Q2:1
skirt,16,16,14,6.25,0.0,1,6.25,0.02,43.75,0.0,40.0,2.3125,8.9763,Q1:1
mug,16,16,12,0.0,0.0,1,6.25,0.02,18.75,6.25,18.75,1.0,6.46,Q8:1
blind,16,15,10,0.0,0.0,1,6.25,0.02,25.0,6.25,25.0,1.9375,15.3275,Q2:1
bathtub,16,16,11,0.0,0.0,1,6.25,0.02,31.25,6.25,31.25,1.0,18.7569,Q4:1
hoodie,16,15,11,0.0,0.0,1,6.25,0.02,12.5,6.25,12.5,2.125,14.15,Q5:1
bird,18,17,13,5.56,0.0,1,5.56,0.02,55.56,0.0,52.94,1.2778,12.3772,Q1:1
rug,20,19,11,0.0,0.0,1,5.0,0.02,35.0,5.0,35.0,1.1,24.4675,Q3:1
surfboard,20,19,11,0.0,0.0,1,5.0,0.02,40.0,5.0,40.0,1.15,13.6855,Q6:1
motorcycle,21,20,15,0.0,0.0,1,4.76,0.02,28.57,4.76,28.57,1.0952,35.8543,Q2:1|Q5:1|Q8:1
speaker,22,19,12,4.55,13.64,1,4.55,0.02,31.82,0.0,16.67,1.4545,6.97,Q1:1
sofa,22,22,12,0.0,0.0,1,4.55,0.02,50.0,4.55,50.0,1.0,31.1418,Q5:1|Q8:1
belt,23,23,13,0.0,0.0,1,4.35,0.02,21.74,4.35,21.74,2.1739,3.4709,Q5:1
boat,23,19,10,0.0,0.0,1,4.35,0.02,39.13,4.35,39.13,1.3478,28.0174,Q5:1
dog,24,24,15,4.17,0.0,1,4.17,0.02,4.17,0.0,0.0,1.0417,42.3258,Q1:1
cup,25,24,14,0.0,0.0,1,4.0,0.02,16.0,4.0,16.0,1.36,13.64,Q3:1
trousers,28,27,15,0.0,0.0,1,3.57,0.02,21.43,3.57,21.43,2.1429,12.5611,Q2:1|Q4:1
horse,29,28,16,0.0,0.0,1,3.45,0.02,34.48,3.45,34.48,1.1034,36.5983,Q2:1
laptop,31,31,17,0.0,3.23,1,3.23,0.02,29.03,3.33,26.67,1.0323,18.6897,Q6:1
short,34,34,15,0.0,2.94,1,2.94,0.02,32.35,3.03,30.3,2.0294,9.1056,Q8:1
cat,37,37,17,0.0,0.0,0,0.0,0.0,24.32,0.0,24.32,1.1081,33.7916,
pizza,26,26,14,0.0,0.0,0,0.0,0.0,15.38,0.0,15.38,1.0769,49.6227,
bus,25,25,13,0.0,0.0,0,0.0,0.0,28.0,0.0,28.0,1.2,29.1484,
ball,24,24,16,0.0,0.0,0,0.0,0.0,4.17,0.0,4.17,1.1667,4.0342,
man,22,22,13,0.0,0.0,0,0.0,0.0,45.45,0.0,45.45,1.2273,37.0309,
hill,18,18,12,0.0,0.0,0,0.0,0.0,38.89,0.0,38.89,1.6111,14.1489,
horn,18,16,12,0.0,0.0,0,0.0,0.0,55.56,0.0,55.56,2.8889,6.4294,
beak,17,15,12,0.0,0.0,0,0.0,0.0,5.88,0.0,5.88,2.7059,0.9029,
hull,17,14,10,0.0,0.0,0,0.0,0.0,76.47,0.0,76.47,2.2941,22.1853,
television,15,15,12,0.0,6.67,0,0.0,0.0,40.0,0.0,35.71,1.0667,14.29,
woman,15,15,9,0.0,0.0,0,0.0,0.0,46.67,0.0,46.67,1.2667,26.286,
exhaust,14,14,12,0.0,14.29,0,0.0,0.0,42.86,0.0,33.33,2.1429,4.0979,
bear,13,13,8,0.0,0.0,0,0.0,0.0,53.85,0.0,53.85,1.2308,32.4677,
boy,12,12,7,0.0,0.0,0,0.0,0.0,58.33,0.0,58.33,1.0,30.1283,
signage,12,10,6,0.0,8.33,0,0.0,0.0,33.33,0.0,27.27,2.4167,4.1733,
palm_tree,12,12,10,0.0,0.0,0,0.0,0.0,50.0,0.0,50.0,1.0,44.4767,
hedge,12,12,9,0.0,0.0,0,0.0,0.0,8.33,0.0,8.33,1.3333,25.6708,
beanie,11,11,7,0.0,9.09,0,0.0,0.0,27.27,0.0,20.0,2.6364,2.9827,
frisbee,11,11,9,0.0,0.0,0,0.0,0.0,0.0,0.0,0.0,1.2727,2.1064,
donut,11,11,8,0.0,0.0,0,0.0,0.0,36.36,0.0,36.36,1.1818,36.8036,
sand,11,11,9,0.0,0.0,0,0.0,0.0,36.36,0.0,36.36,1.5455,37.2627,
vanity,10,10,9,0.0,0.0,0,0.0,0.0,30.0,0.0,30.0,1.0,16.788,
background,10,10,8,0.0,0.0,0,0.0,0.0,20.0,0.0,20.0,1.3,84.591,
trashcan,10,10,9,0.0,0.0,0,0.0,0.0,10.0,0.0,10.0,1.0,9.192,
scarf,10,9,8,0.0,0.0,0,0.0,0.0,30.0,0.0,30.0,2.4,13.353,
