label,node_rows,image_count,reviewer_count,q1_no,q1_no_pct,q1_uncertain,q1_uncertain_pct,q4_bad,q4_bad_pct,q5_bad,q5_bad_pct,avg_depth,avg_bbox_pct
mullion,13,13,8,6,46.15,1,7.69,0,0.0,0,0.0,3.231,4.856
palm,103,95,20,44,42.72,2,1.94,6,5.83,6,5.83,3.505,4.345
muzzle,12,12,9,5,41.67,0,0.0,0,0.0,0,0.0,2.667,8.878
knot,10,10,8,4,40.0,0,0.0,0,0.0,0,0.0,2.7,3.017
bar,12,12,9,4,33.33,0,0.0,1,8.33,2,16.67,2.75,10.428
baseboard,12,12,8,4,33.33,0,0.0,0,0.0,0,0.0,1.667,9.227
tent,13,13,11,4,30.77,0,0.0,0,0.0,0,0.0,1.308,8.662
stove,10,10,10,3,30.0,1,10.0,1,10.0,0,0.0,1.2,19.961
counter,17,14,11,5,29.41,2,11.76,2,11.76,0,0.0,1.471,22.804
lane,14,14,10,4,28.57,1,7.14,3,21.43,2,14.29,2.071,18.527
waistband,79,74,20,22,27.85,4,5.06,1,1.27,8,10.13,3.025,3.467
statue,11,10,7,3,27.27,1,9.09,0,0.0,0,0.0,1.545,5.111
bracket,35,33,17,9,25.71,3,8.57,0,0.0,1,2.86,2.486,8.701
barrier,13,13,9,3,23.08,1,7.69,1,7.69,1,7.69,1.615,25.612
handrail,26,21,14,6,23.08,1,3.85,1,3.85,1,3.85,2.385,9.663
patch,13,11,8,3,23.08,1,7.69,0,0.0,0,0.0,3.308,2.372
seam,37,34,18,8,21.62,1,2.7,1,2.7,2,5.41,3.243,4.631
fingertip,14,14,9,3,21.43,0,0.0,1,7.14,1,7.14,4.071,0.986
shoulder,33,32,17,7,21.21,0,0.0,1,3.03,1,3.03,2.727,3.971
monitor,24,18,12,5,20.83,1,4.17,0,0.0,0,0.0,1.583,18.277
rack,15,12,10,3,20.0,0,0.0,1,6.67,1,6.67,2.133,9.189
sheet,15,13,11,3,20.0,0,0.0,1,6.67,0,0.0,2.2,35.933
wiper,20,18,12,4,20.0,0,0.0,1,5.0,3,15.0,2.25,4.191
rod,10,10,9,2,20.0,0,0.0,0,0.0,0,0.0,1.9,9.565
pillow,37,34,17,7,18.92,0,0.0,1,2.7,3,8.11,1.459,22.142
scale,11,10,10,2,18.18,1,9.09,0,0.0,0,0.0,1.545,3.588
tail,152,146,20,27,17.76,6,3.95,0,0.0,6,3.95,2.099,5.6
chimney,17,16,12,3,17.65,2,11.76,0,0.0,0,0.0,1.941,0.96
nostril,40,40,19,7,17.5,0,0.0,0,0.0,0,0.0,3.675,1.329
beam,29,27,17,5,17.24,1,3.45,1,3.45,1,3.45,2.448,14.887
spout,12,12,9,2,16.67,1,8.33,0,0.0,1,8.33,2.167,3.13
visor,12,12,10,2,16.67,1,8.33,0,0.0,1,8.33,3.0,3.186
peel,12,10,7,2,16.67,0,0.0,0,0.0,0,0.0,2.25,16.424
path,12,11,9,2,16.67,0,0.0,0,0.0,0,0.0,1.917,16.864
carrot,12,12,8,2,16.67,0,0.0,0,0.0,0,0.0,1.583,13.413
drain,12,12,8,2,16.67,0,0.0,0,0.0,0,0.0,2.0,1.199
pocket,139,126,20,22,15.83,9,6.47,5,3.6,2,1.44,2.95,3.059
arch,19,17,13,3,15.79,0,0.0,1,5.26,3,15.79,2.895,8.652
snout,19,17,11,3,15.79,1,5.26,0,0.0,0,0.0,2.947,2.504
cuff,89,74,19,14,15.73,3,3.37,1,1.12,3,3.37,3.708,7.565
trim,13,13,11,2,15.38,0,0.0,0,0.0,1,7.69,2.846,4.361
nozzle,13,13,10,2,15.38,2,15.38,0,0.0,0,0.0,2.231,5.657
bridge,20,17,11,3,15.0,1,5.0,0,0.0,0,0.0,1.35,15.297
collar,148,140,20,22,14.86,5,3.38,4,2.7,5,3.38,2.973,3.977
tray,28,26,13,4,14.29,1,3.57,1,3.57,0,0.0,1.5,24.235
pillar,14,14,11,2,14.29,0,0.0,0,0.0,0,0.0,2.214,15.421
rail,43,36,17,6,13.95,1,2.33,5,11.63,2,4.65,2.488,14.736
phone,29,28,15,4,13.79,2,6.9,0,0.0,0,0.0,1.345,9.052
bracelet,15,14,11,2,13.33,0,0.0,2,13.33,2,13.33,1.8,1.523
cover,15,15,10,2,13.33,1,6.67,1,6.67,0,0.0,2.533,12.778
meat,15,14,11,2,13.33,2,13.33,1,6.67,0,0.0,1.933,17.455
dial,15,14,11,2,13.33,0,0.0,0,0.0,1,6.67,2.667,2.973
toe,15,15,12,2,13.33,0,0.0,0,0.0,1,6.67,3.533,1.593
napkin,30,28,13,4,13.33,3,10.0,0,0.0,0,0.0,1.167,24.827
slope,15,15,11,2,13.33,1,6.67,0,0.0,0,0.0,1.8,53.984
shelf,84,68,19,11,13.1,6,7.14,1,1.19,7,8.33,1.917,11.01
bark,16,15,11,2,12.5,1,6.25,0,0.0,0,0.0,2.938,15.796
zipper,41,36,18,5,12.2,4,9.76,0,0.0,0,0.0,2.927,2.799
railing,91,77,19,11,12.09,4,4.4,5,5.49,5,5.49,2.0,15.624
back,17,17,11,2,11.76,1,5.88,0,0.0,1,5.88,2.118,9.873
buckle,34,26,17,4,11.76,3,8.82,0,0.0,0,0.0,2.765,3.052
ankle,17,17,12,2,11.76,1,5.88,0,0.0,0,0.0,3.0,1.266
strap,86,69,20,10,11.63,3,3.49,2,2.33,2,2.33,2.523,6.243
faucet,26,25,13,3,11.54,0,0.0,1,3.85,0,0.0,1.269,3.642
balcony,35,32,15,4,11.43,1,2.86,1,2.86,2,5.71,2.286,7.939
toy,18,17,11,2,11.11,1,5.56,2,11.11,3,16.67,1.333,21.112
track,36,26,15,4,11.11,0,0.0,2,5.56,3,8.33,1.472,23.371
shade,18,17,11,2,11.11,0,0.0,1,5.56,0,0.0,2.0,5.207
knob,36,32,17,4,11.11,0,0.0,0,0.0,0,0.0,2.5,2.95
flap,18,17,12,2,11.11,2,11.11,0,0.0,0,0.0,3.111,3.114
frame,237,188,20,26,10.97,4,1.69,8,3.38,47,19.83,2.447,13.322
vent,55,48,19,6,10.91,7,12.73,0,0.0,0,0.0,2.327,4.501
book,37,31,17,4,10.81,1,2.7,3,8.11,2,5.41,1.622,16.776
mouse,19,17,12,2,10.53,0,0.0,0,0.0,0,0.0,1.368,4.906
sill,39,34,17,4,10.26,2,5.13,0,0.0,1,2.56,2.692,12.471
gate,10,9,9,1,10.0,0,0.0,1,10.0,1,10.0,1.7,22.627
fin,10,10,8,1,10.0,1,10.0,1,10.0,1,10.0,2.3,6.798
pant,20,19,12,2,10.0,0,0.0,1,5.0,1,5.0,2.15,14.075
handlebar,30,29,15,3,10.0,0,0.0,0,0.0,3,10.0,2.1,2.029
oven,10,10,8,1,10.0,0,0.0,0,0.0,1,10.0,1.4,38.026
deck,10,9,6,1,10.0,2,20.0,0,0.0,1,10.0,2.0,7.356
neckline,20,19,13,2,10.0,1,5.0,0,0.0,1,5.0,3.0,6.149
slice,10,9,7,1,10.0,0,0.0,0,0.0,0,0.0,2.5,21.179
locomotive,10,10,7,1,10.0,0,0.0,0,0.0,0,0.0,1.2,30.871
ladder,10,9,8,1,10.0,0,0.0,0,0.0,0,0.0,2.2,3.204
crack,10,9,8,1,10.0,1,10.0,0,0.0,0,0.0,2.2,7.766
base,163,140,20,16,9.82,4,2.45,3,1.84,8,4.91,2.282,4.067
cloud,82,81,20,8,9.76,2,2.44,3,3.66,4,4.88,2.049,23.32
nail,21,20,11,2,9.52,0,0.0,0,0.0,0,0.0,4.095,1.958
grille,32,31,12,3,9.38,2,6.25,1,3.12,0,0.0,2.375,3.539
post,269,204,20,25,9.29,7,2.6,3,1.12,12,4.46,2.245,15.555
bag,87,81,19,8,9.2,2,2.3,2,2.3,0,0.0,1.287,15.114
pedestal,11,11,10,1,9.09,0,0.0,0,0.0,0,0.0,2.0,5.514
teddy_bear,11,9,5,1,9.09,0,0.0,0,0.0,0,0.0,1.273,25.281
handle,243,173,20,22,9.05,6,2.47,6,2.47,7,2.88,2.305,7.735
paper,45,39,19,4,8.89,2,4.44,1,2.22,1,2.22,1.644,20.15
panel,126,111,20,11,8.73,9,7.14,2,1.59,5,3.97,2.619,16.203
door,253,196,20,22,8.7,9,3.56,5,1.98,15,5.93,2.111,14.359
tip,35,30,16,3,8.57,5,14.29,0,0.0,0,0.0,2.886,7.292
mouth,201,189,20,17,8.46,2,1.0,4,1.99,9,4.48,3.249,2.103
lip,36,34,19,3,8.33,3,8.33,3,8.33,2,5.56,4.028,0.599
batter,12,12,11,1,8.33,0,0.0,1,8.33,0,0.0,1.167,31.608
fence,180,143,20,15,8.33,5,2.78,8,4.44,22,12.22,1.433,26.527
sidewalk,72,62,20,6,8.33,3,4.17,3,4.17,5,6.94,1.319,28.933
stand,24,20,13,2,8.33,1,4.17,1,4.17,1,4.17,1.833,11.403
border,12,12,9,1,8.33,0,0.0,0,0.0,2,16.67,2.75,13.049
tread,12,10,8,1,8.33,0,0.0,0,0.0,2,16.67,3.167,14.443
icon,12,12,8,1,8.33,0,0.0,0,0.0,1,8.33,3.417,3.567
pot,12,12,9,1,8.33,0,0.0,0,0.0,1,8.33,1.333,15.398
foam,12,11,9,1,8.33,0,0.0,0,0.0,1,8.33,2.917,17.217
lamppost,12,10,7,1,8.33,0,0.0,0,0.0,0,0.0,1.333,12.064
button,85,63,18,7,8.24,3,3.53,2,2.35,1,1.18,2.741,4.471
box,49,42,19,4,8.16,6,12.24,1,2.04,0,0.0,1.531,20.425
column,49,44,18,4,8.16,2,4.08,0,0.0,1,2.04,2.347,11.907
cabinet,74,69,18,6,8.11,5,6.76,1,1.35,6,8.11,1.351,29.588
reflection,25,25,15,2,8.0,0,0.0,1,4.0,3,12.0,2.4,14.95
fold,13,12,9,1,7.69,3,23.08,1,7.69,1,7.69,2.615,17.004
flower,39,33,16,3,7.69,2,5.13,2,5.13,1,2.56,1.923,17.76
basket,26,23,16,2,7.69,0,0.0,1,3.85,0,0.0,1.423,6.36
awning,26,23,12,2,7.69,3,11.54,1,3.85,0,0.0,1.962,8.027
thigh,91,87,20,7,7.69,0,0.0,3,3.3,4,4.4,3.231,8.83
hem,78,75,20,6,7.69,1,1.28,1,1.28,2,2.56,3.179,4.052
cheese,26,23,14,2,7.69,2,7.69,0,0.0,0,0.0,2.231,26.869
tongue,13,13,10,1,7.69,2,15.38,0,0.0,0,0.0,2.846,1.048
light,53,48,20,4,7.55,1,1.89,2,3.77,1,1.89,1.83,11.142
house,27,24,15,2,7.41,1,3.7,2,7.41,2,7.41,1.37,13.761
snow,41,33,19,3,7.32,0,0.0,1,2.44,5,12.2,1.39,48.223
ramp,14,11,7,1,7.14,0,0.0,2,14.29,4,28.57,1.357,34.285
mesh,28,25,15,2,7.14,0,0.0,1,3.57,1,3.57,2.286,22.022
topping,14,14,11,1,7.14,1,7.14,0,0.0,2,14.29,2.214,15.761
grip,14,14,12,1,7.14,1,7.14,0,0.0,1,7.14,2.714,5.285
mask,14,13,12,1,7.14,0,0.0,0,0.0,1,7.14,2.571,2.491
container,28,27,17,2,7.14,2,7.14,0,0.0,0,0.0,1.786,16.601
vest,14,14,9,1,7.14,0,0.0,0,0.0,0,0.0,2.143,13.846
countertop,43,43,16,3,6.98,2,4.65,0,0.0,1,2.33,1.372,27.467
bench,43,42,17,3,6.98,0,0.0,0,0.0,1,2.33,1.233,24.827
platform,29,26,15,2,6.9,1,3.45,2,6.9,3,10.34,1.724,20.596
thumb,29,28,15,2,6.9,0,0.0,0,0.0,1,3.45,3.379,5.002
fender,29,28,15,2,6.9,1,3.45,0,0.0,1,3.45,2.069,8.476
lamp,58,55,18,4,6.9,2,3.45,0,0.0,1,1.72,1.5,7.799
seat,89,84,20,6,6.74,3,3.37,1,1.12,8,8.99,2.022,12.997
placket,15,15,9,1,6.67,0,0.0,1,6.67,1,6.67,2.933,6.264
sandwich,15,15,12,1,6.67,0,0.0,1,6.67,1,6.67,1.2,39.178
peak,15,14,10,1,6.67,0,0.0,1,6.67,0,0.0,2.4,4.515
knee,90,85,20,6,6.67,1,1.11,3,3.33,0,0.0,3.189,5.592
chain,15,12,11,1,6.67,0,0.0,0,0.0,1,6.67,2.267,2.941
ring,15,14,11,1,6.67,0,0.0,0,0.0,1,6.67,2.733,1.181
curtain,45,40,18,3,6.67,0,0.0,0,0.0,1,2.22,1.356,21.277
can,15,15,13,1,6.67,0,0.0,0,0.0,0,0.0,1.267,9.21
broccoli,15,14,10,1,6.67,0,0.0,0,0.0,0,0.0,1.333,31.683
tag,15,14,9,1,6.67,0,0.0,0,0.0,0,0.0,2.067,14.467
lid,95,81,20,6,6.32,2,2.11,0,0.0,2,2.11,2.295,9.05
beach,16,16,12,1,6.25,0,0.0,2,12.5,1,6.25,1.0,57.579
slat,48,38,17,3,6.25,0,0.0,1,2.08,2,4.17,2.812,14.133
hose,16,15,12,1,6.25,0,0.0,0,0.0,1,6.25,2.125,6.026
skirt,16,16,14,1,6.25,0,0.0,0,0.0,0,0.0,2.312,8.976
shaft,16,16,10,1,6.25,0,0.0,0,0.0,0,0.0,2.125,24.699
blanket,16,15,11,1,6.25,1,6.25,0,0.0,0,0.0,1.375,41.017
plate,82,78,18,5,6.1,0,0.0,0,0.0,2,2.44,1.244,45.743
hood,66,61,20,4,6.06,1,1.52,1,1.52,1,1.52,2.606,5.442
beard,17,17,13,1,5.88,0,0.0,1,5.88,1,5.88,3.294,3.374
hinge,34,31,16,2,5.88,1,2.94,1,2.94,1,2.94,2.265,4.454
lapel,17,16,13,1,5.88,0,0.0,0,0.0,2,11.76,3.059,11.508
tower,17,17,12,1,5.88,1,5.88,0,0.0,2,11.76,1.647,18.634
flag,17,16,10,1,5.88,0,0.0,0,0.0,1,5.88,1.765,11.473
log,17,16,11,1,5.88,1,5.88,0,0.0,0,0.0,1.294,20.294
wing,52,49,17,3,5.77,1,1.92,3,5.77,0,0.0,2.154,9.379
rock,70,54,20,4,5.71,1,1.43,1,1.43,1,1.43,1.614,21.311
cap,105,99,20,6,5.71,1,0.95,0,0.0,2,1.9,2.514,6.786
crust,36,34,18,2,5.56,2,5.56,2,5.56,7,19.44,2.333,33.276
stem,72,63,19,4,5.56,0,0.0,2,2.78,3,4.17,2.25,8.312
desk,36,30,17,2,5.56,1,2.78,1,2.78,1,2.78,1.278,46.703
sauce,18,17,11,1,5.56,1,5.56,0,0.0,1,5.56,1.944,20.516
backpack,18,17,11,1,5.56,0,0.0,0,0.0,1,5.56,1.222,8.227
windshield,54,48,20,3,5.56,1,1.85,0,0.0,2,3.7,2.333,6.234
outlet,18,16,10,1,5.56,0,0.0,0,0.0,0,0.0,1.667,2.879
bird,18,17,13,1,5.56,0,0.0,0,0.0,0,0.0,1.278,12.377
knuckle,55,49,19,3,5.45,0,0.0,0,0.0,0,0.0,3.709,4.65
cheek,169,160,20,9,5.33,1,0.59,5,2.96,3,1.78,3.32,2.521
bread,19,16,11,1,5.26,0,0.0,2,10.53,1,5.26,1.895,23.305
cushion,38,31,17,2,5.26,0,0.0,2,5.26,1,2.63,2.132,17.871
blade,19,18,12,1,5.26,0,0.0,1,5.26,0,0.0,2.263,6.954
cord,19,18,12,1,5.26,0,0.0,0,0.0,2,10.53,1.474,10.151
canopy,19,19,13,1,5.26,2,10.53,0,0.0,0,0.0,2.158,11.609
vase,19,19,12,1,5.26,0,0.0,0,0.0,0,0.0,1.053,14.81
elephant,19,19,13,1,5.26,0,0.0,0,0.0,0,0.0,1.0,41.729
wrist,79,77,20,4,5.06,0,0.0,2,2.53,2,2.53,3.076,3.475
body,20,20,14,1,5.0,0,0.0,1,5.0,1,5.0,2.1,6.979
doorway,20,19,10,1,5.0,1,5.0,0,0.0,2,10.0,2.0,9.349
cockpit,20,18,11,1,5.0,0,0.0,0,0.0,1,5.0,2.55,1.587
tine,20,20,13,1,5.0,0,0.0,0,0.0,1,5.0,2.25,6.304
key,20,17,13,1,5.0,0,0.0,0,0.0,0,0.0,2.4,12.985
ski,21,20,13,1,4.76,0,0.0,2,9.52,0,0.0,1.095,12.378
label,63,52,18,3,4.76,0,0.0,1,1.59,0,0.0,2.413,7.779
bezel,42,35,15,2,4.76,1,2.38,0,0.0,12,28.57,2.405,11.677
clothing,21,19,14,1,4.76,0,0.0,0,0.0,2,9.52,2.667,23.688
screen,63,55,20,3,4.76,1,1.59,0,0.0,0,0.0,2.444,9.763
bolt,21,20,14,1,4.76,2,9.52,0,0.0,0,0.0,2.571,6.525
sign,232,175,20,11,4.74,7,3.02,1,0.43,1,0.43,1.716,15.033
glass,85,77,19,4,4.71,0,0.0,0,0.0,3,3.53,1.988,18.351
cable,43,35,18,2,4.65,0,0.0,3,6.98,4,9.3,1.744,15.838
brim,43,42,17,2,4.65,0,0.0,1,2.33,1,2.33,3.721,4.221
knife,22,21,14,1,4.55,0,0.0,1,4.55,0,0.0,1.182,16.52
pavement,44,44,19,2,4.55,1,2.27,0,0.0,7,15.91,1.75,29.805
speaker,22,19,12,1,4.55,3,13.64,0,0.0,0,0.0,1.455,6.97
eye,224,211,20,10,4.46,2,0.89,1,0.45,3,1.34,3.116,1.618
keyboard,45,36,17,2,4.44,0,0.0,0,0.0,0,0.0,1.689,10.39
bed,23,21,13,1,4.35,0,0.0,1,4.35,6,26.09,1.13,49.775
dirt,46,44,20,2,4.35,1,2.17,2,4.35,2,4.35,1.652,45.174
marking,23,22,13,1,4.35,0,0.0,0,0.0,5,21.74,2.348,14.421
skin,24,22,12,1,4.17,1,4.17,1,4.17,2,8.33,2.667,12.717
display,24,23,15,1,4.17,0,0.0,1,4.17,0,0.0,2.667,5.979
field,24,20,12,1,4.17,1,4.17,0,0.0,1,4.17,1.292,38.337
dog,24,24,15,1,4.17,0,0.0,0,0.0,0,0.0,1.042,42.326
tank,24,24,15,1,4.17,0,0.0,0,0.0,0,0.0,2.083,9.357
leaf,124,94,20,5,4.03,5,4.03,4,3.23,5,4.03,2.21,17.859
mountain,50,45,20,2,4.0,1,2.0,1,2.0,0,0.0,1.22,22.352
tomato,25,23,14,1,4.0,1,4.0,0,0.0,1,4.0,1.76,15.672
lace,50,48,17,2,4.0,2,4.0,0,0.0,1,2.0,3.0,3.952
shorts,25,25,15,1,4.0,1,4.0,0,0.0,0,0.0,2.04,8.925
face,227,203,20,9,3.96,3,1.32,2,0.88,4,1.76,2.987,10.439
bumper,76,66,20,3,3.95,3,3.95,3,3.95,1,1.32,2.158,5.6
hat,51,45,16,2,3.92,0,0.0,0,0.0,0,0.0,2.529,15.31
fork,26,25,14,1,3.85,0,0.0,0,0.0,0,0.0,1.154,17.682
roof,214,154,20,8,3.74,2,0.93,6,2.8,5,2.34,2.271,8.308
pipe,28,27,14,1,3.57,1,3.57,2,7.14,0,0.0,1.75,13.283
sleeve,393,322,20,14,3.56,2,0.51,6,1.53,11,2.8,3.059,13.031
wall,491,409,20,17,3.46,6,1.22,11,2.24,27,5.5,1.558,38.976
neck,176,169,20,6,3.41,3,1.7,6,3.41,6,3.41,2.188,7.062
foliage,89,82,20,3,3.37,1,1.12,4,4.49,7,7.87,2.191,21.471
window,423,262,20,14,3.31,15,3.55,17,4.02,15,3.55,2.253,13.992
car,91,88,20,3,3.3,1,1.1,2,2.2,3,3.3,1.176,17.627
pole,152,133,20,5,3.29,2,1.32,3,1.97,7,4.61,1.52,22.112
surface,31,30,15,1,3.23,0,0.0,1,3.23,2,6.45,2.194,30.214
airplane,31,29,14,1,3.23,0,0.0,1,3.23,2,6.45,1.29,25.526
towel,31,29,16,1,3.23,1,3.23,1,3.23,0,0.0,1.194,19.756
foot,127,118,20,4,3.15,1,0.79,6,4.72,5,3.94,2.378,8.814
sink,32,31,16,1,3.12,0,0.0,1,3.12,1,3.12,1.125,7.638
ear,334,305,20,10,2.99,5,1.5,5,1.5,4,1.2,2.976,5.171
mirror,68,61,18,2,2.94,1,1.47,1,1.47,3,4.41,1.676,11.435
branch,68,60,20,2,2.94,1,1.47,1,1.47,3,4.41,2.235,11.563
taillight,34,30,16,1,2.94,0,0.0,0,0.0,0,0.0,2.059,3.482
nose,239,218,20,7,2.93,3,1.26,1,0.42,2,0.84,3.201,2.438
logo,137,109,20,4,2.92,5,3.65,0,0.0,2,1.46,2.964,4.643
sunglasses,35,31,18,1,2.86,1,2.86,0,0.0,1,2.86,2.8,3.533
person,432,406,20,12,2.78,3,0.69,10,2.31,10,2.31,1.125,37.577
floor,145,139,20,4,2.76,0,0.0,1,0.69,3,2.07,1.2,27.381
graphic,37,33,14,1,2.7,2,5.41,1,2.7,0,0.0,3.189,3.827
engine,37,35,17,1,2.7,4,10.81,0,0.0,0,0.0,2.162,5.348
sole,78,74,20,2,2.56,2,2.56,4,5.13,6,7.69,3.026,5.951
table,119,112,20,3,2.52,2,1.68,5,4.2,3,2.52,1.126,44.978
grass,238,202,20,6,2.52,3,1.26,8,3.36,17,7.14,1.597,37.803
line,41,37,16,1,2.44,0,0.0,2,4.88,2,4.88,1.976,27.695
curb,41,40,17,1,2.44,0,0.0,1,2.44,0,0.0,1.902,15.375
building,215,170,20,5,2.33,2,0.93,11,5.12,13,6.05,1.474,26.977
trunk,176,138,20,4,2.27,3,1.7,3,1.7,3,1.7,2.227,11.99
shoe,134,116,20,3,2.24,0,0.0,0,0.0,1,0.75,2.067,9.604
molding,45,39,18,1,2.22,1,2.22,1,2.22,6,13.33,2.4,21.629
number,47,44,16,1,2.13,0,0.0,0,0.0,1,2.13,3.128,5.309
pane,143,108,20,3,2.1,4,2.8,2,1.4,0,0.0,3.063,14.585
wire,52,51,18,1,1.92,1,1.92,4,7.69,8,15.38,2.019,16.571
forehead,221,211,20,4,1.81,0,0.0,4,1.81,4,1.81,3.24,5.099
leg,555,430,20,10,1.8,2,0.36,35,6.31,21,3.78,2.259,14.116
head,675,565,20,12,1.78,5,0.74,9,1.33,52,7.7,2.129,13.067
headlight,58,52,18,1,1.72,0,0.0,0,0.0,0,0.0,2.31,3.106
ground,118,111,20,2,1.69,1,0.85,3,2.54,10,8.47,1.263,34.194
hand,382,326,20,6,1.57,5,1.31,7,1.83,6,1.57,2.581,11.687
tree,343,252,20,5,1.46,2,0.58,14,4.08,20,5.83,1.426,28.518
bottle,70,68,19,1,1.43,1,1.43,1,1.43,1,1.43,1.3,11.849
sky,288,263,20,4,1.39,3,1.04,3,1.04,14,4.86,1.153,37.544
glove,78,68,19,1,1.28,0,0.0,2,2.56,2,2.56,1.833,6.491
wheel,162,134,20,2,1.23,6,3.7,0,0.0,4,2.47,2.117,7.004
torso,83,81,20,1,1.2,5,6.02,3,3.61,6,7.23,2.193,3.887
arm,379,341,20,4,1.06,6,1.58,17,4.49,7,1.85,2.132,14.618
finger,230,191,20,2,0.87,2,0.87,20,8.7,7,3.04,3.478,8.449
shirt,262,242,20,2,0.76,1,0.38,3,1.15,4,1.53,2.065,19.797
hair,271,252,20,2,0.74,1,0.37,4,1.48,9,3.32,3.03,10.693
forearm,185,180,20,1,0.54,0,0.0,4,2.16,4,2.16,3.032,10.74
bicycle,30,28,14,0,0.0,1,3.33,5,16.67,1,3.33,1.333,12.752
truck,20,20,15,0,0.0,0,0.0,3,15.0,1,5.0,1.15,14.747
court,22,22,12,0,0.0,0,0.0,3,13.64,2,9.09,1.045,57.989
cake,16,16,12,0,0.0,0,0.0,2,12.5,1,6.25,1.125,32.206
lettuce,18,14,10,0,0.0,0,0.0,2,11.11,0,0.0,2.167,16.571
staircase,10,10,10,0,0.0,0,0.0,1,10.0,0,0.0,1.3,16.303
frosting,11,11,10,0,0.0,0,0.0,1,9.09,1,9.09,2.273,28.427
archway,12,10,10,0,0.0,0,0.0,1,8.33,3,25.0,2.167,12.848
kite,12,11,9,0,0.0,0,0.0,1,8.33,0,0.0,1.583,26.143
opening,13,13,9,0,0.0,0,0.0,1,7.69,0,0.0,3.077,2.998
sock,44,41,17,0,0.0,1,2.27,3,6.82,0,0.0,2.477,6.925
refrigerator,15,15,9,0,0.0,0,0.0,1,6.67,2,13.33,1.067,32.599
rope,15,13,12,0,0.0,1,6.67,1,6.67,2,13.33,1.867,12.588
bathtub,16,16,11,0,0.0,0,0.0,1,6.25,0,0.0,1.0,18.757
banana,16,14,11,0,0.0,0,0.0,1,6.25,0,0.0,1.312,32.849
banner,16,16,12,0,0.0,0,0.0,1,6.25,0,0.0,1.312,17.193
lettering,51,40,15,0,0.0,0,0.0,3,5.88,4,7.84,2.98,9.481
cornice,17,16,11,0,0.0,0,0.0,1,5.88,1,5.88,2.412,13.256
poster,18,15,9,0,0.0,0,0.0,1,5.56,1,5.56,1.556,21.163
grout,21,20,14,0,0.0,0,0.0,1,4.76,3,14.29,2.0,17.636
bat,24,24,17,0,0.0,0,0.0,1,4.17,0,0.0,1.042,9.251
chair,75,74,18,0,0.0,1,1.33,3,4.0,4,5.33,1.093,20.846
wave,26,23,13,0,0.0,0,0.0,1,3.85,0,0.0,1.885,38.413
tie,26,26,14,0,0.0,0,0.0,1,3.85,0,0.0,1.923,4.432
hoof,27,27,14,0,0.0,0,0.0,1,3.7,0,0.0,3.0,4.669
fuselage,27,27,13,0,0.0,0,0.0,1,3.7,0,0.0,2.148,12.576
trousers,28,27,15,0,0.0,0,0.0,1,3.57,0,0.0,2.143,12.561
chin,59,58,19,0,0.0,1,1.69,2,3.39,1,1.69,3.254,0.755
backrest,60,57,18,0,0.0,0,0.0,2,3.33,2,3.33,2.117,17.451
boot,30,29,14,0,0.0,0,0.0,1,3.33,1,3.33,2.3,6.105
top,34,30,16,0,0.0,0,0.0,1,2.94,3,8.82,2.294,7.305
clock,34,32,18,0,0.0,0,0.0,1,2.94,0,0.0,1.912,7.67
forest,34,33,14,0,0.0,0,0.0,1,2.94,0,0.0,1.235,32.853
paw,36,33,16,0,0.0,0,0.0,1,2.78,0,0.0,2.611,6.653
mane,39,36,18,0,0.0,0,0.0,1,2.56,1,2.56,2.282,14.034
eyebrow,40,39,19,0,0.0,0,0.0,1,2.5,0,0.0,3.25,2.468
jersey,41,34,18,0,0.0,0,0.0,1,2.44,0,0.0,2.073,19.202
plant,42,39,18,0,0.0,0,0.0,1,2.38,1,2.38,1.214,17.812
lens,45,44,18,0,0.0,0,0.0,1,2.22,2,4.44,2.889,3.779
shrub,46,41,19,0,0.0,0,0.0,1,2.17,1,2.17,1.457,14.995
tile,55,51,18,0,0.0,0,0.0,1,1.82,2,3.64,2.091,29.241
helmet,56,48,19,0,0.0,0,0.0,1,1.79,0,0.0,2.25,5.643
pants,138,124,20,0,0.0,0,0.0,2,1.45,1,0.72,2.08,16.819
step,11,10,8,0,0.0,0,0.0,0,0.0,2,18.18,2.091,7.167
zebra,25,24,15,0,0.0,0,0.0,0,0.0,3,12.0,1.08,43.327
traffic_light,20,20,13,0,0.0,0,0.0,0,0.0,2,10.0,1.15,16.907
headband,10,10,9,0,0.0,0,0.0,0,0.0,1,10.0,2.6,4.175
spire,10,8,6,0,0.0,0,0.0,0,0.0,1,10.0,2.8,8.663
liquid,11,11,9,0,0.0,0,0.0,0,0.0,1,9.09,2.182,26.945
sandal,12,10,6,0,0.0,0,0.0,0,0.0,1,8.33,2.0,2.645
carpet,12,12,8,0,0.0,0,0.0,0,0.0,1,8.33,1.75,28.874
numeral,13,11,8,0,0.0,0,0.0,0,0.0,1,7.69,3.385,9.352
necklace,14,11,9,0,0.0,0,0.0,0,0.0,1,7.14,2.214,3.264
sweater,15,15,10,0,0.0,0,0.0,0,0.0,1,6.67,2.0,29.7
ocean,15,15,10,0,0.0,0,0.0,0,0.0,1,6.67,1.267,57.412
hoodie,16,15,11,0,0.0,0,0.0,0,0.0,1,6.25,2.125,14.15
arrow,17,15,11,0,0.0,0,0.0,0,0.0,1,5.88,2.588,3.982
stripe,17,17,8,0,0.0,0,0.0,0,0.0,1,5.88,3.353,4.935
letter,99,85,20,0,0.0,1,1.01,0,0.0,5,5.05,3.485,7.66
tire,60,51,19,0,0.0,0,0.0,0,0.0,3,5.0,2.567,12.65
plank,21,19,13,0,0.0,1,4.76,0,0.0,1,4.76,2.524,27.469
motorcycle,21,20,15,0,0.0,0,0.0,0,0.0,1,4.76,1.095,35.854
glasses,43,41,18,0,0.0,0,0.0,0,0.0,2,4.65,2.465,2.368
sofa,22,22,12,0,0.0,0,0.0,0,0.0,1,4.55,1.0,31.142
jeans,23,23,16,0,0.0,0,0.0,0,0.0,1,4.35,2.087,14.98
belt,23,23,13,0,0.0,0,0.0,0,0.0,1,4.35,2.174,3.471
boat,23,19,10,0,0.0,0,0.0,0,0.0,1,4.35,1.348,28.017
train,23,23,14,0,0.0,0,0.0,0,0.0,1,4.35,1.087,35.31
text,25,22,12,0,0.0,0,0.0,0,0.0,1,4.0,2.84,9.708
drawer,26,25,11,0,0.0,0,0.0,0,0.0,1,3.85,1.962,10.253
giraffe,27,25,17,0,0.0,0,0.0,0,0.0,1,3.7,1.074,50.083
shadow,28,27,15,0,0.0,0,0.0,0,0.0,1,3.57,1.821,25.234
jacket,90,88,20,0,0.0,1,1.11,0,0.0,3,3.33,2.122,18.965
bush,30,30,14,0,0.0,0,0.0,0,0.0,1,3.33,1.3,21.659
toilet,35,33,17,0,0.0,0,0.0,0,0.0,1,2.86,1.057,19.466
skateboard,37,37,14,0,0.0,0,0.0,0,0.0,1,2.7,1.081,8.317
ceiling,68,67,20,0,0.0,0,0.0,0,0.0,1,1.47,1.191,21.535
road,76,72,19,0,0.0,1,1.32,0,0.0,1,1.32,1.224,29.947
water,59,54,19,0,0.0,1,1.69,0,0.0,0,0.0,1.254,34.289
elbow,43,43,19,0,0.0,1,2.33,0,0.0,0,0.0,3.116,3.947
bowl,39,38,15,0,0.0,3,7.69,0,0.0,0,0.0,1.231,26.282
sticker,37,28,14,0,0.0,1,2.7,0,0.0,0,0.0,2.459,7.463
cat,37,37,17,0,0.0,0,0.0,0,0.0,0,0.0,1.108,33.792
picture,36,32,15,0,0.0,1,2.78,0,0.0,0,0.0,1.639,6.151
short,34,34,15,0,0.0,1,2.94,0,0.0,0,0.0,2.029,9.106
laptop,31,31,17,0,0.0,1,3.23,0,0.0,0,0.0,1.032,18.69
racket,30,29,14,0,0.0,0,0.0,0,0.0,0,0.0,1.033,7.204
horse,29,28,16,0,0.0,0,0.0,0,0.0,0,0.0,1.103,36.598
armrest,28,27,14,0,0.0,0,0.0,0,0.0,0,0.0,2.071,11.609
umbrella,26,26,15,0,0.0,0,0.0,0,0.0,0,0.0,1.077,22.456
pizza,26,26,14,0,0.0,0,0.0,0,0.0,0,0.0,1.077,49.623
brick,26,24,13,0,0.0,2,7.69,0,0.0,0,0.0,2.769,10.854
bus,25,25,13,0,0.0,0,0.0,0,0.0,0,0.0,1.2,29.148
cup,25,24,14,0,0.0,0,0.0,0,0.0,0,0.0,1.36,13.64
ball,24,24,16,0,0.0,0,0.0,0,0.0,0,0.0,1.167,4.034
wristband,24,23,17,0,0.0,0,0.0,0,0.0,0,0.0,2.083,3.17
man,22,22,13,0,0.0,0,0.0,0,0.0,0,0.0,1.227,37.031
rug,20,19,11,0,0.0,0,0.0,0,0.0,0,0.0,1.1,24.468
surfboard,20,19,11,0,0.0,0,0.0,0,0.0,0,0.0,1.15,13.685
spectator,20,19,13,0,0.0,0,0.0,0,0.0,0,0.0,1.3,62.336
fingernail,19,18,13,0,0.0,0,0.0,0,0.0,0,0.0,4.263,2.849
hill,18,18,12,0,0.0,0,0.0,0,0.0,0,0.0,1.611,14.149
horn,18,16,12,0,0.0,0,0.0,0,0.0,0,0.0,2.889,6.429
beak,17,15,12,0,0.0,0,0.0,0,0.0,0,0.0,2.706,0.903
spoon,17,16,13,0,0.0,1,5.88,0,0.0,0,0.0,1.118,8.227
hull,17,14,10,0,0.0,0,0.0,0,0.0,0,0.0,2.294,22.185
mug,16,16,12,0,0.0,0,0.0,0,0.0,0,0.0,1.0,6.46
switch,16,16,11,0,0.0,0,0.0,0,0.0,0,0.0,2.0,2.449
blind,16,15,10,0,0.0,0,0.0,0,0.0,0,0.0,1.938,15.328
food,16,15,10,0,0.0,3,18.75,0,0.0,0,0.0,1.875,13.881
twig,15,13,10,0,0.0,2,13.33,0,0.0,0,0.0,2.4,16.429
television,15,15,12,0,0.0,1,6.67,0,0.0,0,0.0,1.067,14.29
hydrant,15,15,9,0,0.0,0,0.0,0,0.0,0,0.0,1.0,11.953
hub,15,14,12,0,0.0,4,26.67,0,0.0,0,0.0,2.867,8.729
woman,15,15,9,0,0.0,0,0.0,0,0.0,0,0.0,1.267,26.286
cow,14,13,11,0,0.0,0,0.0,0,0.0,0,0.0,1.071,35.796
exhaust,14,14,12,0,0.0,2,14.29,0,0.0,0,0.0,2.143,4.098
onion,13,13,10,0,0.0,0,0.0,0,0.0,0,0.0,1.923,13.422
ledge,13,13,9,0,0.0,0,0.0,0,0.0,0,0.0,2.0,14.692
bear,13,13,8,0,0.0,0,0.0,0,0.0,0,0.0,1.231,32.468
boy,12,12,7,0,0.0,0,0.0,0,0.0,0,0.0,1.0,30.128
signage,12,10,6,0,0.0,1,8.33,0,0.0,0,0.0,2.417,4.173
palm_tree,12,12,10,0,0.0,0,0.0,0,0.0,0,0.0,1.0,44.477
hedge,12,12,9,0,0.0,0,0.0,0,0.0,0,0.0,1.333,25.671
sheep,12,11,8,0,0.0,0,0.0,0,0.0,0,0.0,1.333,30.28
hole,11,11,10,0,0.0,2,18.18,0,0.0,0,0.0,2.364,10.798
spine,11,8,7,0,0.0,0,0.0,0,0.0,0,0.0,2.455,13.233
beanie,11,11,7,0,0.0,1,9.09,0,0.0,0,0.0,2.636,2.983
frisbee,11,11,9,0,0.0,0,0.0,0,0.0,0,0.0,1.273,2.106
donut,11,11,8,0,0.0,0,0.0,0,0.0,0,0.0,1.182,36.804
sand,11,11,9,0,0.0,0,0.0,0,0.0,0,0.0,1.545,37.263
petal,11,9,7,0,0.0,0,0.0,0,0.0,0,0.0,2.727,22.589
vanity,10,10,9,0,0.0,0,0.0,0,0.0,0,0.0,1.0,16.788
background,10,10,8,0,0.0,0,0.0,0,0.0,0,0.0,1.3,84.591
spoke,10,10,7,0,0.0,0,0.0,0,0.0,0,0.0,3.2,4.892
jar,10,9,8,0,0.0,0,0.0,0,0.0,0,0.0,1.6,15.526
trashcan,10,10,9,0,0.0,0,0.0,0,0.0,0,0.0,1.0,9.192
scarf,10,9,8,0,0.0,0,0.0,0,0.0,0,0.0,2.4,13.353
belly,10,10,9,0,0.0,0,0.0,0,0.0,0,0.0,2.5,1.823
sausage,10,9,7,0,0.0,0,0.0,0,0.0,0,0.0,2.2,18.056
tablecloth,10,10,8,0,0.0,0,0.0,0,0.0,0,0.0,1.4,58.689
