reviewer_id,image_id,sort_index,created_at
admin,000000011826,0,2026-04-10 07:15:52.320906+00
admin,000000011838,1,2026-04-10 07:15:52.320906+00
admin,000000011856,2,2026-04-10 07:15:52.320906+00
admin,000000011877,3,2026-04-10 07:15:52.320906+00
admin,000000011925,4,2026-04-10 07:15:52.320906+00
admin,000000011926,5,2026-04-10 07:15:52.320906+00
admin,000000011931,6,2026-04-10 07:15:52.320906+00
admin,000000011948,7,2026-04-10 07:15:52.320906+00
admin,000000011953,8,2026-04-10 07:15:52.320906+00
admin,000000011968,9,2026-04-10 07:15:52.320906+00
admin,000000011987,10,2026-04-10 07:15:52.320906+00
admin,000000011990,11,2026-04-10 07:15:52.320906+00
admin,000000012010,12,2026-04-10 07:15:52.320906+00
admin,000000012014,13,2026-04-10 07:15:52.320906+00
admin,000000012015,14,2026-04-10 07:15:52.320906+00
admin,000000012016,15,2026-04-10 07:15:52.320906+00
admin,000000012020,16,2026-04-10 07:15:52.320906+00
admin,000000012021,17,2026-04-10 07:15:52.320906+00
admin,000000012023,18,2026-04-10 07:15:52.320906+00
admin,000000012034,19,2026-04-10 07:15:52.320906+00
user1,000000010114,0,2026-04-10 07:15:52.320906+00
user1,000000010115,1,2026-04-10 07:15:52.320906+00
user1,000000010123,2,2026-04-10 07:15:52.320906+00
user1,000000010130,3,2026-04-10 07:15:52.320906+00
user1,000000010136,4,2026-04-10 07:15:52.320906+00
user1,000000010138,5,2026-04-10 07:15:52.320906+00
user1,000000010142,6,2026-04-10 07:15:52.320906+00
user1,000000010145,7,2026-04-10 07:15:52.320906+00
user1,000000010161,8,2026-04-10 07:15:52.320906+00
user1,000000010166,9,2026-04-10 07:15:52.320906+00
user1,000000010176,10,2026-04-10 07:15:52.320906+00
user1,000000010179,11,2026-04-10 07:15:52.320906+00
user1,000000010192,12,2026-04-10 07:15:52.320906+00
user1,000000010196,13,2026-04-10 07:15:52.320906+00
user1,000000010205,14,2026-04-10 07:15:52.320906+00
user1,000000010211,15,2026-04-10 07:15:52.320906+00
user1,000000010217,16,2026-04-10 07:15:52.320906+00
user1,000000010219,17,2026-04-10 07:15:52.320906+00
user1,000000010222,18,2026-04-10 07:15:52.320906+00
user1,000000010232,19,2026-04-10 07:15:52.320906+00
user1,000000010241,20,2026-04-10 07:15:52.320906+00
user1,000000010243,21,2026-04-10 07:15:52.320906+00
user1,000000010244,22,2026-04-10 07:15:52.320906+00
user1,000000010245,23,2026-04-10 07:15:52.320906+00
user1,000000010248,24,2026-04-10 07:15:52.320906+00
user1,000000010249,25,2026-04-10 07:15:52.320906+00
user1,000000010256,26,2026-04-10 07:15:52.320906+00
user1,000000010263,27,2026-04-10 07:15:52.320906+00
user1,000000010265,28,2026-04-10 07:15:52.320906+00
user1,000000010275,29,2026-04-10 07:15:52.320906+00
user1,000000010276,30,2026-04-10 07:15:52.320906+00
user1,000000010281,31,2026-04-10 07:15:52.320906+00
user1,000000010290,32,2026-04-10 07:15:52.320906+00
user1,000000010303,33,2026-04-10 07:15:52.320906+00
user1,000000010309,34,2026-04-10 07:15:52.320906+00
user1,000000010318,35,2026-04-10 07:15:52.320906+00
user1,000000010319,36,2026-04-10 07:15:52.320906+00
user1,000000010324,37,2026-04-10 07:15:52.320906+00
user1,000000010327,38,2026-04-10 07:15:52.320906+00
user1,000000010343,39,2026-04-10 07:15:52.320906+00
user1,000000010358,40,2026-04-10 07:15:52.320906+00
user1,000000010369,41,2026-04-10 07:15:52.320906+00
user1,000000010386,42,2026-04-10 07:15:52.320906+00
user1,000000010388,43,2026-04-10 07:15:52.320906+00
user1,000000010400,44,2026-04-10 07:15:52.320906+00
user1,000000010403,45,2026-04-10 07:15:52.320906+00
user1,000000010405,46,2026-04-10 07:15:52.320906+00
user1,000000010407,47,2026-04-10 07:15:52.320906+00
user1,000000010414,48,2026-04-10 07:15:52.320906+00
user1,000000010420,49,2026-04-10 07:15:52.320906+00
user10,000000012786,0,2026-04-10 07:15:52.985755+00
user10,000000012790,1,2026-04-10 07:15:52.985755+00
user10,000000012792,2,2026-04-10 07:15:52.985755+00
user10,000000012795,3,2026-04-10 07:15:52.985755+00
user10,000000012797,4,2026-04-10 07:15:52.985755+00
user10,000000012805,5,2026-04-10 07:15:52.985755+00
user10,000000012809,6,2026-04-10 07:15:52.985755+00
user10,000000012810,7,2026-04-10 07:15:52.985755+00
user10,000000012817,8,2026-04-10 07:15:52.985755+00
user10,000000012822,9,2026-04-10 07:15:52.985755+00
user10,000000012824,10,2026-04-10 07:15:52.985755+00
user10,000000012825,11,2026-04-10 07:15:52.985755+00
user10,000000012827,12,2026-04-10 07:15:52.985755+00
user10,000000012833,13,2026-04-10 07:15:52.985755+00
user10,000000012860,14,2026-04-10 07:15:52.985755+00
user10,000000012861,15,2026-04-10 07:15:52.985755+00
user10,000000012864,16,2026-04-10 07:15:52.985755+00
user10,000000012875,17,2026-04-10 07:15:52.985755+00
user10,000000012876,18,2026-04-10 07:15:52.985755+00
user10,000000012883,19,2026-04-10 07:15:52.985755+00
user10,000000012884,20,2026-04-10 07:15:52.985755+00
user10,000000012887,21,2026-04-10 07:15:52.985755+00
user10,000000012892,22,2026-04-10 07:15:52.985755+00
user10,000000012895,23,2026-04-10 07:15:52.985755+00
user10,000000012896,24,2026-04-10 07:15:52.985755+00
user10,000000012897,25,2026-04-10 07:15:52.985755+00
user10,000000012902,26,2026-04-10 07:15:52.985755+00
user10,000000012916,27,2026-04-10 07:15:52.985755+00
user10,000000012923,28,2026-04-10 07:15:52.985755+00
user10,000000012927,29,2026-04-10 07:15:52.985755+00
user10,000000012930,30,2026-04-10 07:15:53.1145+00
user10,000000012933,31,2026-04-10 07:15:53.1145+00
user10,000000012938,32,2026-04-10 07:15:53.1145+00
user10,000000012947,33,2026-04-10 07:15:53.1145+00
user10,000000012953,34,2026-04-10 07:15:53.1145+00
user10,000000012959,35,2026-04-10 07:15:53.1145+00
user10,000000012966,36,2026-04-10 07:15:53.1145+00
user10,000000012979,37,2026-04-10 07:15:53.1145+00
user10,000000012983,38,2026-04-10 07:15:53.1145+00
user10,000000012986,39,2026-04-10 07:15:53.1145+00
user10,000000012991,40,2026-04-10 07:15:53.1145+00
user10,000000012993,41,2026-04-10 07:15:53.1145+00
user10,000000012998,42,2026-04-10 07:15:53.1145+00
user10,000000013000,43,2026-04-10 07:15:53.1145+00
user10,000000013016,44,2026-04-10 07:15:53.1145+00
user10,000000013020,45,2026-04-10 07:15:53.1145+00
user10,000000013031,46,2026-04-10 07:15:53.1145+00
user10,000000013035,47,2026-04-10 07:15:53.1145+00
user10,000000013040,48,2026-04-10 07:15:53.1145+00
user10,000000013045,49,2026-04-10 07:15:53.1145+00
user11,000000013061,0,2026-04-10 07:15:53.1145+00
user11,000000013076,1,2026-04-10 07:15:53.1145+00
user11,000000013082,2,2026-04-10 07:15:53.1145+00
user11,000000013106,3,2026-04-10 07:15:53.1145+00
user11,000000013121,4,2026-04-10 07:15:53.1145+00
user11,000000013124,5,2026-04-10 07:15:53.1145+00
user11,000000013127,6,2026-04-10 07:15:53.1145+00
user11,000000013129,7,2026-04-10 07:15:53.1145+00
user11,000000013132,8,2026-04-10 07:15:53.1145+00
user11,000000013140,9,2026-04-10 07:15:53.1145+00
user11,000000013143,10,2026-04-10 07:15:53.1145+00
user11,000000013144,11,2026-04-10 07:15:53.1145+00
user11,000000013145,12,2026-04-10 07:15:53.1145+00
user11,000000013146,13,2026-04-10 07:15:53.1145+00
user11,000000013148,14,2026-04-10 07:15:53.1145+00
user11,000000013150,15,2026-04-10 07:15:53.1145+00
user11,000000013158,16,2026-04-10 07:15:53.1145+00
user11,000000013159,17,2026-04-10 07:15:53.1145+00
user11,000000013160,18,2026-04-10 07:15:53.1145+00
user11,000000013168,19,2026-04-10 07:15:53.1145+00
user11,000000013169,20,2026-04-10 07:15:53.1145+00
user11,000000013172,21,2026-04-10 07:15:53.1145+00
user11,000000013175,22,2026-04-10 07:15:53.1145+00
user11,000000013176,23,2026-04-10 07:15:53.1145+00
user11,000000013182,24,2026-04-10 07:15:53.1145+00
user11,000000013195,25,2026-04-10 07:15:53.1145+00
user11,000000013198,26,2026-04-10 07:15:53.1145+00
user11,000000013202,27,2026-04-10 07:15:53.1145+00
user11,000000013215,28,2026-04-10 07:15:53.1145+00
user11,000000013220,29,2026-04-10 07:15:53.1145+00
user11,000000013228,30,2026-04-10 07:15:53.1145+00
user11,000000013232,31,2026-04-10 07:15:53.1145+00
user11,000000013235,32,2026-04-10 07:15:53.1145+00
user11,000000013252,33,2026-04-10 07:15:53.1145+00
user11,000000013258,34,2026-04-10 07:15:53.1145+00
user11,000000013267,35,2026-04-10 07:15:53.1145+00
user11,000000013273,36,2026-04-10 07:15:53.1145+00
user11,000000013274,37,2026-04-10 07:15:53.1145+00
user11,000000013278,38,2026-04-10 07:15:53.1145+00
user11,000000013279,39,2026-04-10 07:15:53.1145+00
user11,000000013283,40,2026-04-10 07:15:53.1145+00
user11,000000013284,41,2026-04-10 07:15:53.1145+00
user11,000000013285,42,2026-04-10 07:15:53.1145+00
user11,000000013290,43,2026-04-10 07:15:53.1145+00
user11,000000013292,44,2026-04-10 07:15:53.1145+00
user11,000000013294,45,2026-04-10 07:15:53.1145+00
user11,000000013300,46,2026-04-10 07:15:53.1145+00
user11,000000013302,47,2026-04-10 07:15:53.1145+00
user11,000000013320,48,2026-04-10 07:15:53.1145+00
user11,000000013325,49,2026-04-10 07:15:53.1145+00
user12,000000013332,0,2026-04-10 07:15:53.1145+00
user12,000000013333,1,2026-04-10 07:15:53.1145+00
user12,000000013336,2,2026-04-10 07:15:53.1145+00
user12,000000013352,3,2026-04-10 07:15:53.1145+00
user12,000000013355,4,2026-04-10 07:15:53.1145+00
user12,000000013356,5,2026-04-10 07:15:53.1145+00
user12,000000013357,6,2026-04-10 07:15:53.1145+00
user12,000000013372,7,2026-04-10 07:15:53.1145+00
user12,000000013379,8,2026-04-10 07:15:53.1145+00
user12,000000013383,9,2026-04-10 07:15:53.1145+00
user12,000000013397,10,2026-04-10 07:15:53.1145+00
user12,000000013414,11,2026-04-10 07:15:53.1145+00
user12,000000013415,12,2026-04-10 07:15:53.1145+00
user12,000000013417,13,2026-04-10 07:15:53.1145+00
user12,000000013420,14,2026-04-10 07:15:53.1145+00
user12,000000013428,15,2026-04-10 07:15:53.1145+00
user12,000000013432,16,2026-04-10 07:15:53.1145+00
user12,000000013445,17,2026-04-10 07:15:53.1145+00
user12,000000013452,18,2026-04-10 07:15:53.1145+00
user12,000000013455,19,2026-04-10 07:15:53.1145+00
user12,000000013463,20,2026-04-10 07:15:53.1145+00
user12,000000013465,21,2026-04-10 07:15:53.1145+00
user12,000000013471,22,2026-04-10 07:15:53.1145+00
user12,000000013473,23,2026-04-10 07:15:53.1145+00
user12,000000013482,24,2026-04-10 07:15:53.1145+00
user12,000000013490,25,2026-04-10 07:15:53.1145+00
user12,000000013492,26,2026-04-10 07:15:53.1145+00
user12,000000013497,27,2026-04-10 07:15:53.1145+00
user12,000000013506,28,2026-04-10 07:15:53.1145+00
user12,000000013524,29,2026-04-10 07:15:53.1145+00
user12,000000013525,30,2026-04-10 07:15:53.224337+00
user12,000000013528,31,2026-04-10 07:15:53.224337+00
user12,000000013529,32,2026-04-10 07:15:53.224337+00
user12,000000013540,33,2026-04-10 07:15:53.224337+00
user12,000000013547,34,2026-04-10 07:15:53.224337+00
user12,000000013550,35,2026-04-10 07:15:53.224337+00
user12,000000013556,36,2026-04-10 07:15:53.224337+00
user12,000000013565,37,2026-04-10 07:15:53.224337+00
user12,000000013568,38,2026-04-10 07:15:53.224337+00
user12,000000013574,39,2026-04-10 07:15:53.224337+00
user12,000000013578,40,2026-04-10 07:15:53.224337+00
user12,000000013595,41,2026-04-10 07:15:53.224337+00
user12,000000013603,42,2026-04-10 07:15:53.224337+00
user12,000000013605,43,2026-04-10 07:15:53.224337+00
user12,000000013616,44,2026-04-10 07:15:53.224337+00
user12,000000013632,45,2026-04-10 07:15:53.224337+00
user12,000000013636,46,2026-04-10 07:15:53.224337+00
user12,000000013637,47,2026-04-10 07:15:53.224337+00
user12,000000013639,48,2026-04-10 07:15:53.224337+00
user12,000000013650,49,2026-04-10 07:15:53.224337+00
user13,000000013662,0,2026-04-10 07:15:53.224337+00
user13,000000013670,1,2026-04-10 07:15:53.224337+00
user13,000000013671,2,2026-04-10 07:15:53.224337+00
user13,000000013675,3,2026-04-10 07:15:53.224337+00
user13,000000013678,4,2026-04-10 07:15:53.224337+00
user13,000000013703,5,2026-04-10 07:15:53.224337+00
user13,000000013714,6,2026-04-10 07:15:53.224337+00
user13,000000013715,7,2026-04-10 07:15:53.224337+00
user13,000000013717,8,2026-04-10 07:15:53.224337+00
user13,000000013719,9,2026-04-10 07:15:53.224337+00
user13,000000013720,10,2026-04-10 07:15:53.224337+00
user13,000000013721,11,2026-04-10 07:15:53.224337+00
user13,000000013722,12,2026-04-10 07:15:53.224337+00
user13,000000013728,13,2026-04-10 07:15:53.224337+00
user13,000000013731,14,2026-04-10 07:15:53.224337+00
user13,000000013754,15,2026-04-10 07:15:53.224337+00
user13,000000013763,16,2026-04-10 07:15:53.224337+00
user13,000000013769,17,2026-04-10 07:15:53.224337+00
user13,000000013783,18,2026-04-10 07:15:53.224337+00
user13,000000013789,19,2026-04-10 07:15:53.224337+00
user13,000000013797,20,2026-04-10 07:15:53.224337+00
user13,000000013800,21,2026-04-10 07:15:53.224337+00
user13,000000013802,22,2026-04-10 07:15:53.224337+00
user13,000000013815,23,2026-04-10 07:15:53.224337+00
user13,000000013832,24,2026-04-10 07:15:53.224337+00
user13,000000013835,25,2026-04-10 07:15:53.224337+00
user13,000000013843,26,2026-04-10 07:15:53.224337+00
user13,000000013844,27,2026-04-10 07:15:53.224337+00
user13,000000013856,28,2026-04-10 07:15:53.224337+00
user13,000000013874,29,2026-04-10 07:15:53.224337+00
user13,000000013876,30,2026-04-10 07:15:53.224337+00
user13,000000013879,31,2026-04-10 07:15:53.224337+00
user13,000000013882,32,2026-04-10 07:15:53.224337+00
user13,000000013892,33,2026-04-10 07:15:53.224337+00
user13,000000013893,34,2026-04-10 07:15:53.224337+00
user13,000000013900,35,2026-04-10 07:15:53.224337+00
user13,000000013901,36,2026-04-10 07:15:53.224337+00
user13,000000013904,37,2026-04-10 07:15:53.224337+00
user13,000000013908,38,2026-04-10 07:15:53.224337+00
user13,000000013909,39,2026-04-10 07:15:53.224337+00
user13,000000013912,40,2026-04-10 07:15:53.224337+00
user13,000000013914,41,2026-04-10 07:15:53.224337+00
user13,000000013916,42,2026-04-10 07:15:53.224337+00
user13,000000013921,43,2026-04-10 07:15:53.224337+00
user13,000000013922,44,2026-04-10 07:15:53.224337+00
user13,000000013934,45,2026-04-10 07:15:53.224337+00
user13,000000013938,46,2026-04-10 07:15:53.224337+00
user13,000000013943,47,2026-04-10 07:15:53.224337+00
user13,000000013944,48,2026-04-10 07:15:53.224337+00
user13,000000013948,49,2026-04-10 07:15:53.224337+00
user14,000000013949,0,2026-04-10 07:15:53.224337+00
user14,000000013959,1,2026-04-10 07:15:53.224337+00
user14,000000013965,2,2026-04-10 07:15:53.224337+00
user14,000000013967,3,2026-04-10 07:15:53.224337+00
user14,000000013969,4,2026-04-10 07:15:53.224337+00
user14,000000013979,5,2026-04-10 07:15:53.224337+00
user14,000000013980,6,2026-04-10 07:15:53.224337+00
user14,000000013983,7,2026-04-10 07:15:53.224337+00
user14,000000013985,8,2026-04-10 07:15:53.224337+00
user14,000000013986,9,2026-04-10 07:15:53.224337+00
user14,000000013988,10,2026-04-10 07:15:53.224337+00
user14,000000013991,11,2026-04-10 07:15:53.224337+00
user14,000000013992,12,2026-04-10 07:15:53.224337+00
user14,000000013995,13,2026-04-10 07:15:53.224337+00
user14,000000014006,14,2026-04-10 07:15:53.224337+00
user14,000000014008,15,2026-04-10 07:15:53.224337+00
user14,000000014025,16,2026-04-10 07:15:53.224337+00
user14,000000014027,17,2026-04-10 07:15:53.224337+00
user14,000000014029,18,2026-04-10 07:15:53.224337+00
user14,000000014034,19,2026-04-10 07:15:53.224337+00
user14,000000014056,20,2026-04-10 07:15:53.224337+00
user14,000000014070,21,2026-04-10 07:15:53.224337+00
user14,000000014073,22,2026-04-10 07:15:53.224337+00
user14,000000014083,23,2026-04-10 07:15:53.224337+00
user14,000000014088,24,2026-04-10 07:15:53.224337+00
user14,000000014089,25,2026-04-10 07:15:53.224337+00
user14,000000014090,26,2026-04-10 07:15:53.224337+00
user14,000000014108,27,2026-04-10 07:15:53.224337+00
user14,000000014125,28,2026-04-10 07:15:53.224337+00
user14,000000014128,29,2026-04-10 07:15:53.224337+00
user14,000000014135,30,2026-04-10 07:15:53.328705+00
user14,000000014152,31,2026-04-10 07:15:53.328705+00
user14,000000014159,32,2026-04-10 07:15:53.328705+00
user14,000000014168,33,2026-04-10 07:15:53.328705+00
user14,000000014175,34,2026-04-10 07:15:53.328705+00
user14,000000014180,35,2026-04-10 07:15:53.328705+00
user14,000000014203,36,2026-04-10 07:15:53.328705+00
user14,000000014209,37,2026-04-10 07:15:53.328705+00
user14,000000014230,38,2026-04-10 07:15:53.328705+00
user14,000000014244,39,2026-04-10 07:15:53.328705+00
user14,000000014248,40,2026-04-10 07:15:53.328705+00
user14,000000014252,41,2026-04-10 07:15:53.328705+00
user14,000000014253,42,2026-04-10 07:15:53.328705+00
user14,000000014261,43,2026-04-10 07:15:53.328705+00
user14,000000014265,44,2026-04-10 07:15:53.328705+00
user14,000000014269,45,2026-04-10 07:15:53.328705+00
user14,000000014271,46,2026-04-10 07:15:53.328705+00
user14,000000014276,47,2026-04-10 07:15:53.328705+00
user14,000000014278,48,2026-04-10 07:15:53.328705+00
user14,000000014281,49,2026-04-10 07:15:53.328705+00
user15,000000014282,0,2026-04-10 07:15:53.328705+00
user15,000000014283,1,2026-04-10 07:15:53.328705+00
user15,000000014285,2,2026-04-10 07:15:53.328705+00
user15,000000014290,3,2026-04-10 07:15:53.328705+00
user15,000000014297,4,2026-04-10 07:15:53.328705+00
user15,000000014306,5,2026-04-10 07:15:53.328705+00
user15,000000014307,6,2026-04-10 07:15:53.328705+00
user15,000000014319,7,2026-04-10 07:15:53.328705+00
user15,000000014321,8,2026-04-10 07:15:53.328705+00
user15,000000014329,9,2026-04-10 07:15:53.328705+00
user15,000000014335,10,2026-04-10 07:15:53.328705+00
user15,000000014337,11,2026-04-10 07:15:53.328705+00
user15,000000014338,12,2026-04-10 07:15:53.328705+00
user15,000000014352,13,2026-04-10 07:15:53.328705+00
user15,000000014353,14,2026-04-10 07:15:53.328705+00
user15,000000014357,15,2026-04-10 07:15:53.328705+00
user15,000000014359,16,2026-04-10 07:15:53.328705+00
user15,000000014366,17,2026-04-10 07:15:53.328705+00
user15,000000014367,18,2026-04-10 07:15:53.328705+00
user15,000000014375,19,2026-04-10 07:15:53.328705+00
user15,000000014377,20,2026-04-10 07:15:53.328705+00
user15,000000014385,21,2026-04-10 07:15:53.328705+00
user15,000000014396,22,2026-04-10 07:15:53.328705+00
user15,000000014402,23,2026-04-10 07:15:53.328705+00
user15,000000014412,24,2026-04-10 07:15:53.328705+00
user15,000000014430,25,2026-04-10 07:15:53.328705+00
user15,000000014432,26,2026-04-10 07:15:53.328705+00
user15,000000014446,27,2026-04-10 07:15:53.328705+00
user15,000000014453,28,2026-04-10 07:15:53.328705+00
user15,000000014470,29,2026-04-10 07:15:53.328705+00
user15,000000014475,30,2026-04-10 07:15:53.328705+00
user15,000000014477,31,2026-04-10 07:15:53.328705+00
user15,000000014483,32,2026-04-10 07:15:53.328705+00
user15,000000014484,33,2026-04-10 07:15:53.328705+00
user15,000000014487,34,2026-04-10 07:15:53.328705+00
user15,000000014488,35,2026-04-10 07:15:53.328705+00
user15,000000014493,36,2026-04-10 07:15:53.328705+00
user15,000000014494,37,2026-04-10 07:15:53.328705+00
user15,000000014502,38,2026-04-10 07:15:53.328705+00
user15,000000014504,39,2026-04-10 07:15:53.328705+00
user15,000000014514,40,2026-04-10 07:15:53.328705+00
user15,000000014526,41,2026-04-10 07:15:53.328705+00
user15,000000014533,42,2026-04-10 07:15:53.328705+00
user15,000000014536,43,2026-04-10 07:15:53.328705+00
user15,000000014537,44,2026-04-10 07:15:53.328705+00
user15,000000014543,45,2026-04-10 07:15:53.328705+00
user15,000000014547,46,2026-04-10 07:15:53.328705+00
user15,000000014549,47,2026-04-10 07:15:53.328705+00
user15,000000014557,48,2026-04-10 07:15:53.328705+00
user15,000000014562,49,2026-04-10 07:15:53.328705+00
user16,000000014567,0,2026-04-10 07:15:53.328705+00
user16,000000014575,1,2026-04-10 07:15:53.328705+00
user16,000000014591,2,2026-04-10 07:15:53.328705+00
user16,000000014592,3,2026-04-10 07:15:53.328705+00
user16,000000014600,4,2026-04-10 07:15:53.328705+00
user16,000000014611,5,2026-04-10 07:15:53.328705+00
user16,000000014619,6,2026-04-10 07:15:53.328705+00
user16,000000014635,7,2026-04-10 07:15:53.328705+00
user16,000000014644,8,2026-04-10 07:15:53.328705+00
user16,000000014653,9,2026-04-10 07:15:53.328705+00
user16,000000014662,10,2026-04-10 07:15:53.328705+00
user16,000000014676,11,2026-04-10 07:15:53.328705+00
user16,000000014677,12,2026-04-10 07:15:53.328705+00
user16,000000014683,13,2026-04-10 07:15:53.328705+00
user16,000000014686,14,2026-04-10 07:15:53.328705+00
user16,000000014691,15,2026-04-10 07:15:53.328705+00
user16,000000014698,16,2026-04-10 07:15:53.328705+00
user16,000000014707,17,2026-04-10 07:15:53.328705+00
user16,000000014709,18,2026-04-10 07:15:53.328705+00
user16,000000014723,19,2026-04-10 07:15:53.328705+00
user16,000000014726,20,2026-04-10 07:15:53.328705+00
user16,000000014728,21,2026-04-10 07:15:53.328705+00
user16,000000014730,22,2026-04-10 07:15:53.328705+00
user16,000000014733,23,2026-04-10 07:15:53.328705+00
user16,000000014736,24,2026-04-10 07:15:53.328705+00
user16,000000014740,25,2026-04-10 07:15:53.328705+00
user16,000000014743,26,2026-04-10 07:15:53.328705+00
user16,000000014748,27,2026-04-10 07:15:53.328705+00
user16,000000014750,28,2026-04-10 07:15:53.328705+00
user16,000000014756,29,2026-04-10 07:15:53.328705+00
user16,000000014759,30,2026-04-10 07:15:53.444321+00
user16,000000014764,31,2026-04-10 07:15:53.444321+00
user16,000000014766,32,2026-04-10 07:15:53.444321+00
user16,000000014768,33,2026-04-10 07:15:53.444321+00
user16,000000014769,34,2026-04-10 07:15:53.444321+00
user16,000000014773,35,2026-04-10 07:15:53.444321+00
user16,000000014774,36,2026-04-10 07:15:53.444321+00
user16,000000014781,37,2026-04-10 07:15:53.444321+00
user16,000000014783,38,2026-04-10 07:15:53.444321+00
user16,000000014795,39,2026-04-10 07:15:53.444321+00
user16,000000014798,40,2026-04-10 07:15:53.444321+00
user16,000000014801,41,2026-04-10 07:15:53.444321+00
user16,000000014804,42,2026-04-10 07:15:53.444321+00
user16,000000014807,43,2026-04-10 07:15:53.444321+00
user16,000000014812,44,2026-04-10 07:15:53.444321+00
user16,000000014818,45,2026-04-10 07:15:53.444321+00
user16,000000014819,46,2026-04-10 07:15:53.444321+00
user16,000000014820,47,2026-04-10 07:15:53.444321+00
user16,000000014824,48,2026-04-10 07:15:53.444321+00
user16,000000014844,49,2026-04-10 07:15:53.444321+00
user17,000000014845,0,2026-04-10 07:15:53.444321+00
user17,000000014849,1,2026-04-10 07:15:53.444321+00
user17,000000014854,2,2026-04-10 07:15:53.444321+00
user17,000000014855,3,2026-04-10 07:15:53.444321+00
user17,000000014857,4,2026-04-10 07:15:53.444321+00
user17,000000014861,5,2026-04-10 07:15:53.444321+00
user17,000000014862,6,2026-04-10 07:15:53.444321+00
user17,000000014864,7,2026-04-10 07:15:53.444321+00
user17,000000014869,8,2026-04-10 07:15:53.444321+00
user17,000000014870,9,2026-04-10 07:15:53.444321+00
user17,000000014872,10,2026-04-10 07:15:53.444321+00
user17,000000014874,11,2026-04-10 07:15:53.444321+00
user17,000000014876,12,2026-04-10 07:15:53.444321+00
user17,000000014880,13,2026-04-10 07:15:53.444321+00
user17,000000014892,14,2026-04-10 07:15:53.444321+00
user17,000000014921,15,2026-04-10 07:15:53.444321+00
user17,000000014928,16,2026-04-10 07:15:53.444321+00
user17,000000014938,17,2026-04-10 07:15:53.444321+00
user17,000000014940,18,2026-04-10 07:15:53.444321+00
user17,000000014941,19,2026-04-10 07:15:53.444321+00
user17,000000014954,20,2026-04-10 07:15:53.444321+00
user17,000000014960,21,2026-04-10 07:15:53.444321+00
user17,000000014961,22,2026-04-10 07:15:53.444321+00
user17,000000014966,23,2026-04-10 07:15:53.444321+00
user17,000000014967,24,2026-04-10 07:15:53.444321+00
user17,000000014969,25,2026-04-10 07:15:53.444321+00
user17,000000014970,26,2026-04-10 07:15:53.444321+00
user17,000000014974,27,2026-04-10 07:15:53.444321+00
user17,000000014975,28,2026-04-10 07:15:53.444321+00
user17,000000014986,29,2026-04-10 07:15:53.444321+00
user17,000000014988,30,2026-04-10 07:15:53.444321+00
user17,000000014990,31,2026-04-10 07:15:53.444321+00
user17,000000014998,32,2026-04-10 07:15:53.444321+00
user17,000000015002,33,2026-04-10 07:15:53.444321+00
user17,000000015006,34,2026-04-10 07:15:53.444321+00
user17,000000015008,35,2026-04-10 07:15:53.444321+00
user17,000000015011,36,2026-04-10 07:15:53.444321+00
user17,000000015016,37,2026-04-10 07:15:53.444321+00
user17,000000015017,38,2026-04-10 07:15:53.444321+00
user17,000000015032,39,2026-04-10 07:15:53.444321+00
user17,000000015036,40,2026-04-10 07:15:53.444321+00
user17,000000015049,41,2026-04-10 07:15:53.444321+00
user17,000000015050,42,2026-04-10 07:15:53.444321+00
user17,000000015055,43,2026-04-10 07:15:53.444321+00
user17,000000015062,44,2026-04-10 07:15:53.444321+00
user17,000000015069,45,2026-04-10 07:15:53.444321+00
user17,000000015070,46,2026-04-10 07:15:53.444321+00
user17,000000015071,47,2026-04-10 07:15:53.444321+00
user17,000000015073,48,2026-04-10 07:15:53.444321+00
user17,000000015074,49,2026-04-10 07:15:53.444321+00
user18,000000015085,0,2026-04-10 07:15:53.444321+00
user18,000000015096,1,2026-04-10 07:15:53.444321+00
user18,000000015097,2,2026-04-10 07:15:53.444321+00
user18,000000015107,3,2026-04-10 07:15:53.444321+00
user18,000000015109,4,2026-04-10 07:15:53.444321+00
user18,000000015110,5,2026-04-10 07:15:53.444321+00
user18,000000015112,6,2026-04-10 07:15:53.444321+00
user18,000000015113,7,2026-04-10 07:15:53.444321+00
user18,000000015117,8,2026-04-10 07:15:53.444321+00
user18,000000015122,9,2026-04-10 07:15:53.444321+00
user18,000000015126,10,2026-04-10 07:15:53.444321+00
user18,000000015140,11,2026-04-10 07:15:53.444321+00
user18,000000015148,12,2026-04-10 07:15:53.444321+00
user18,000000015151,13,2026-04-10 07:15:53.444321+00
user18,000000015153,14,2026-04-10 07:15:53.444321+00
user18,000000015155,15,2026-04-10 07:15:53.444321+00
user18,000000015156,16,2026-04-10 07:15:53.444321+00
user18,000000015165,17,2026-04-10 07:15:53.444321+00
user18,000000015174,18,2026-04-10 07:15:53.444321+00
user18,000000015175,19,2026-04-10 07:15:53.444321+00
user18,000000015179,20,2026-04-10 07:15:53.444321+00
user18,000000015183,21,2026-04-10 07:15:53.444321+00
user18,000000015185,22,2026-04-10 07:15:53.444321+00
user18,000000015193,23,2026-04-10 07:15:53.444321+00
user18,000000015195,24,2026-04-10 07:15:53.444321+00
user18,000000015197,25,2026-04-10 07:15:53.444321+00
user18,000000015198,26,2026-04-10 07:15:53.444321+00
user18,000000015203,27,2026-04-10 07:15:53.444321+00
user18,000000015219,28,2026-04-10 07:15:53.444321+00
user18,000000015220,29,2026-04-10 07:15:53.444321+00
user18,000000015236,30,2026-04-10 07:15:53.544468+00
user18,000000015249,31,2026-04-10 07:15:53.544468+00
user18,000000015257,32,2026-04-10 07:15:53.544468+00
user18,000000015259,33,2026-04-10 07:15:53.544468+00
user18,000000015262,34,2026-04-10 07:15:53.544468+00
user18,000000015266,35,2026-04-10 07:15:53.544468+00
user18,000000015267,36,2026-04-10 07:15:53.544468+00
user18,000000015268,37,2026-04-10 07:15:53.544468+00
user18,000000015269,38,2026-04-10 07:15:53.544468+00
user18,000000015273,39,2026-04-10 07:15:53.544468+00
user18,000000015274,40,2026-04-10 07:15:53.544468+00
user18,000000015276,41,2026-04-10 07:15:53.544468+00
user18,000000015286,42,2026-04-10 07:15:53.544468+00
user18,000000015297,43,2026-04-10 07:15:53.544468+00
user18,000000015301,44,2026-04-10 07:15:53.544468+00
user18,000000015302,45,2026-04-10 07:15:53.544468+00
user18,000000015303,46,2026-04-10 07:15:53.544468+00
user18,000000015307,47,2026-04-10 07:15:53.544468+00
user18,000000015311,48,2026-04-10 07:15:53.544468+00
user18,000000015329,49,2026-04-10 07:15:53.544468+00
user19,000000015345,0,2026-04-10 07:15:53.544468+00
user19,000000015346,1,2026-04-10 07:15:53.544468+00
user19,000000015347,2,2026-04-10 07:15:53.544468+00
user19,000000015356,3,2026-04-10 07:15:53.544468+00
user19,000000015366,4,2026-04-10 07:15:53.544468+00
user19,000000015379,5,2026-04-10 07:15:53.544468+00
user19,000000015382,6,2026-04-10 07:15:53.544468+00
user19,000000015386,7,2026-04-10 07:15:53.544468+00
user19,000000015391,8,2026-04-10 07:15:53.544468+00
user19,000000015392,9,2026-04-10 07:15:53.544468+00
user19,000000015394,10,2026-04-10 07:15:53.544468+00
user19,000000015399,11,2026-04-10 07:15:53.544468+00
user19,000000015404,12,2026-04-10 07:15:53.544468+00
user19,000000015409,13,2026-04-10 07:15:53.544468+00
user19,000000015451,14,2026-04-10 07:15:53.544468+00
user19,000000015468,15,2026-04-10 07:15:53.544468+00
user19,000000015469,16,2026-04-10 07:15:53.544468+00
user19,000000015472,17,2026-04-10 07:15:53.544468+00
user19,000000015474,18,2026-04-10 07:15:53.544468+00
user19,000000015485,19,2026-04-10 07:15:53.544468+00
user19,000000015486,20,2026-04-10 07:15:53.544468+00
user19,000000015496,21,2026-04-10 07:15:53.544468+00
user19,000000015514,22,2026-04-10 07:15:53.544468+00
user19,000000015518,23,2026-04-10 07:15:53.544468+00
user19,000000015524,24,2026-04-10 07:15:53.544468+00
user19,000000015525,25,2026-04-10 07:15:53.544468+00
user19,000000015528,26,2026-04-10 07:15:53.544468+00
user19,000000015542,27,2026-04-10 07:15:53.544468+00
user19,000000015546,28,2026-04-10 07:15:53.544468+00
user19,000000015558,29,2026-04-10 07:15:53.544468+00
user19,000000015559,30,2026-04-10 07:15:53.544468+00
user19,000000015564,31,2026-04-10 07:15:53.544468+00
user19,000000015565,32,2026-04-10 07:15:53.544468+00
user19,000000015566,33,2026-04-10 07:15:53.544468+00
user19,000000015569,34,2026-04-10 07:15:53.544468+00
user19,000000015576,35,2026-04-10 07:15:53.544468+00
user19,000000015581,36,2026-04-10 07:15:53.544468+00
user19,000000015586,37,2026-04-10 07:15:53.544468+00
user19,000000015595,38,2026-04-10 07:15:53.544468+00
user19,000000015596,39,2026-04-10 07:15:53.544468+00
user19,000000015599,40,2026-04-10 07:15:53.544468+00
user19,000000015600,41,2026-04-10 07:15:53.544468+00
user19,000000015610,42,2026-04-10 07:15:53.544468+00
user19,000000015614,43,2026-04-10 07:15:53.544468+00
user19,000000015617,44,2026-04-10 07:15:53.544468+00
user19,000000015618,45,2026-04-10 07:15:53.544468+00
user19,000000015619,46,2026-04-10 07:15:53.544468+00
user19,000000015621,47,2026-04-10 07:15:53.544468+00
user19,000000015644,48,2026-04-10 07:15:53.544468+00
user19,000000015645,49,2026-04-10 07:15:53.544468+00
user2,000000010421,0,2026-04-10 07:15:52.320906+00
user2,000000010430,1,2026-04-10 07:15:52.320906+00
user2,000000010432,2,2026-04-10 07:15:52.320906+00
user2,000000010440,3,2026-04-10 07:15:52.320906+00
user2,000000010442,4,2026-04-10 07:15:52.320906+00
user2,000000010444,5,2026-04-10 07:15:52.320906+00
user2,000000010445,6,2026-04-10 07:15:52.320906+00
user2,000000010449,7,2026-04-10 07:15:52.320906+00
user2,000000010463,8,2026-04-10 07:15:52.320906+00
user2,000000010471,9,2026-04-10 07:15:52.320906+00
user2,000000010472,10,2026-04-10 07:15:52.320906+00
user2,000000010476,11,2026-04-10 07:15:52.320906+00
user2,000000010478,12,2026-04-10 07:15:52.320906+00
user2,000000010484,13,2026-04-10 07:15:52.320906+00
user2,000000010495,14,2026-04-10 07:15:52.320906+00
user2,000000010496,15,2026-04-10 07:15:52.320906+00
user2,000000010498,16,2026-04-10 07:15:52.320906+00
user2,000000010526,17,2026-04-10 07:15:52.320906+00
user2,000000010534,18,2026-04-10 07:15:52.320906+00
user2,000000010539,19,2026-04-10 07:15:52.320906+00
user2,000000010540,20,2026-04-10 07:15:52.320906+00
user2,000000010545,21,2026-04-10 07:15:52.320906+00
user2,000000010546,22,2026-04-10 07:15:52.320906+00
user2,000000010547,23,2026-04-10 07:15:52.320906+00
user2,000000010560,24,2026-04-10 07:15:52.320906+00
user2,000000010566,25,2026-04-10 07:15:52.320906+00
user2,000000010579,26,2026-04-10 07:15:52.320906+00
user2,000000010580,27,2026-04-10 07:15:52.320906+00
user2,000000010581,28,2026-04-10 07:15:52.320906+00
user2,000000010591,29,2026-04-10 07:15:52.320906+00
user2,000000010600,30,2026-04-10 07:15:52.567364+00
user2,000000010613,31,2026-04-10 07:15:52.567364+00
user2,000000010614,32,2026-04-10 07:15:52.567364+00
user2,000000010615,33,2026-04-10 07:15:52.567364+00
user2,000000010621,34,2026-04-10 07:15:52.567364+00
user2,000000010624,35,2026-04-10 07:15:52.567364+00
user2,000000010627,36,2026-04-10 07:15:52.567364+00
user2,000000010639,37,2026-04-10 07:15:52.567364+00
user2,000000010644,38,2026-04-10 07:15:52.567364+00
user2,000000010645,39,2026-04-10 07:15:52.567364+00
user2,000000010655,40,2026-04-10 07:15:52.567364+00
user2,000000010681,41,2026-04-10 07:15:52.567364+00
user2,000000010683,42,2026-04-10 07:15:52.567364+00
user2,000000010684,43,2026-04-10 07:15:52.567364+00
user2,000000010689,44,2026-04-10 07:15:52.567364+00
user2,000000010691,45,2026-04-10 07:15:52.567364+00
user2,000000010693,46,2026-04-10 07:15:52.567364+00
user2,000000010694,47,2026-04-10 07:15:52.567364+00
user2,000000010698,48,2026-04-10 07:15:52.567364+00
user2,000000010701,49,2026-04-10 07:15:52.567364+00
user20,000000015652,0,2026-04-10 07:15:53.544468+00
user20,000000015653,1,2026-04-10 07:15:53.544468+00
user20,000000015658,2,2026-04-10 07:15:53.544468+00
user20,000000015667,3,2026-04-10 07:15:53.544468+00
user20,000000015681,4,2026-04-10 07:15:53.544468+00
user20,000000015684,5,2026-04-10 07:15:53.544468+00
user20,000000015687,6,2026-04-10 07:15:53.544468+00
user20,000000015690,7,2026-04-10 07:15:53.544468+00
user20,000000015693,8,2026-04-10 07:15:53.544468+00
user20,000000015704,9,2026-04-10 07:15:53.544468+00
user20,000000015709,10,2026-04-10 07:15:53.544468+00
user20,000000015725,11,2026-04-10 07:15:53.544468+00
user20,000000015726,12,2026-04-10 07:15:53.544468+00
user20,000000015733,13,2026-04-10 07:15:53.544468+00
user20,000000015735,14,2026-04-10 07:15:53.544468+00
user20,000000015744,15,2026-04-10 07:15:53.544468+00
user20,000000015745,16,2026-04-10 07:15:53.544468+00
user20,000000015750,17,2026-04-10 07:15:53.544468+00
user20,000000015757,18,2026-04-10 07:15:53.544468+00
user20,000000015759,19,2026-04-10 07:15:53.544468+00
user20,000000015764,20,2026-04-10 07:15:53.544468+00
user20,000000015772,21,2026-04-10 07:15:53.544468+00
user20,000000015778,22,2026-04-10 07:15:53.544468+00
user20,000000015792,23,2026-04-10 07:15:53.544468+00
user20,000000015794,24,2026-04-10 07:15:53.544468+00
user20,000000015797,25,2026-04-10 07:15:53.544468+00
user20,000000015802,26,2026-04-10 07:15:53.544468+00
user20,000000015809,27,2026-04-10 07:15:53.544468+00
user20,000000015810,28,2026-04-10 07:15:53.544468+00
user20,000000015811,29,2026-04-10 07:15:53.544468+00
user20,000000015816,30,2026-04-10 07:15:53.64566+00
user20,000000015818,31,2026-04-10 07:15:53.64566+00
user20,000000015823,32,2026-04-10 07:15:53.64566+00
user20,000000015826,33,2026-04-10 07:15:53.64566+00
user20,000000015830,34,2026-04-10 07:15:53.64566+00
user20,000000015839,35,2026-04-10 07:15:53.64566+00
user20,000000015846,36,2026-04-10 07:15:53.64566+00
user20,000000015850,37,2026-04-10 07:15:53.64566+00
user20,000000015859,38,2026-04-10 07:15:53.64566+00
user20,000000015870,39,2026-04-10 07:15:53.64566+00
user20,000000015876,40,2026-04-10 07:15:53.64566+00
user20,000000015881,41,2026-04-10 07:15:53.64566+00
user20,000000015883,42,2026-04-10 07:15:53.64566+00
user20,000000015895,43,2026-04-10 07:15:53.64566+00
user20,000000015897,44,2026-04-10 07:15:53.64566+00
user20,000000015902,45,2026-04-10 07:15:53.64566+00
user20,000000015906,46,2026-04-10 07:15:53.64566+00
user20,000000015908,47,2026-04-10 07:15:53.64566+00
user20,000000015918,48,2026-04-10 07:15:53.64566+00
user20,000000015927,49,2026-04-10 07:15:53.64566+00
user21,000000015944,0,2026-04-10 07:15:53.64566+00
user21,000000015947,1,2026-04-10 07:15:53.64566+00
user21,000000015952,2,2026-04-10 07:15:53.64566+00
user21,000000015953,3,2026-04-10 07:15:53.64566+00
user21,000000015954,4,2026-04-10 07:15:53.64566+00
user21,000000015963,5,2026-04-10 07:15:53.64566+00
user21,000000015976,6,2026-04-10 07:15:53.64566+00
user21,000000015978,7,2026-04-10 07:15:53.64566+00
user21,000000015984,8,2026-04-10 07:15:53.64566+00
user21,000000015986,9,2026-04-10 07:15:53.64566+00
user21,000000015987,10,2026-04-10 07:15:53.64566+00
user21,000000015994,11,2026-04-10 07:15:53.64566+00
user21,000000016015,12,2026-04-10 07:15:53.64566+00
user21,000000016025,13,2026-04-10 07:15:53.64566+00
user21,000000016027,14,2026-04-10 07:15:53.64566+00
user21,000000016030,15,2026-04-10 07:15:53.64566+00
user21,000000016032,16,2026-04-10 07:15:53.64566+00
user21,000000016037,17,2026-04-10 07:15:53.64566+00
user21,000000016038,18,2026-04-10 07:15:53.64566+00
user21,000000016039,19,2026-04-10 07:15:53.64566+00
user21,000000016040,20,2026-04-10 07:15:53.64566+00
user21,000000016063,21,2026-04-10 07:15:53.64566+00
user21,000000016064,22,2026-04-10 07:15:53.64566+00
user21,000000016069,23,2026-04-10 07:15:53.64566+00
user21,000000016071,24,2026-04-10 07:15:53.64566+00
user21,000000016072,25,2026-04-10 07:15:53.64566+00
user21,000000016076,26,2026-04-10 07:15:53.64566+00
user21,000000016080,27,2026-04-10 07:15:53.64566+00
user21,000000016082,28,2026-04-10 07:15:53.64566+00
user21,000000016084,29,2026-04-10 07:15:53.64566+00
user21,000000016089,30,2026-04-10 07:15:53.64566+00
user21,000000016098,31,2026-04-10 07:15:53.64566+00
user21,000000016099,32,2026-04-10 07:15:53.64566+00
user21,000000016101,33,2026-04-10 07:15:53.64566+00
user21,000000016111,34,2026-04-10 07:15:53.64566+00
user21,000000016112,35,2026-04-10 07:15:53.64566+00
user21,000000016113,36,2026-04-10 07:15:53.64566+00
user21,000000016114,37,2026-04-10 07:15:53.64566+00
user21,000000016119,38,2026-04-10 07:15:53.64566+00
user21,000000016123,39,2026-04-10 07:15:53.64566+00
user21,000000016125,40,2026-04-10 07:15:53.64566+00
user21,000000016142,41,2026-04-10 07:15:53.64566+00
user21,000000016161,42,2026-04-10 07:15:53.64566+00
user21,000000016164,43,2026-04-10 07:15:53.64566+00
user21,000000016166,44,2026-04-10 07:15:53.64566+00
user21,000000016173,45,2026-04-10 07:15:53.64566+00
user21,000000016180,46,2026-04-10 07:15:53.64566+00
user21,000000016183,47,2026-04-10 07:15:53.64566+00
user21,000000016188,48,2026-04-10 07:15:53.64566+00
user21,000000016193,49,2026-04-10 07:15:53.64566+00
user22,000000016206,0,2026-04-10 07:15:53.64566+00
user22,000000016209,1,2026-04-10 07:15:53.64566+00
user22,000000016210,2,2026-04-10 07:15:53.64566+00
user22,000000016216,3,2026-04-10 07:15:53.64566+00
user22,000000016233,4,2026-04-10 07:15:53.64566+00
user22,000000016237,5,2026-04-10 07:15:53.64566+00
user22,000000016238,6,2026-04-10 07:15:53.64566+00
user22,000000016240,7,2026-04-10 07:15:53.64566+00
user22,000000016241,8,2026-04-10 07:15:53.64566+00
user22,000000016243,9,2026-04-10 07:15:53.64566+00
user22,000000016246,10,2026-04-10 07:15:53.64566+00
user22,000000016251,11,2026-04-10 07:15:53.64566+00
user22,000000016253,12,2026-04-10 07:15:53.64566+00
user22,000000016254,13,2026-04-10 07:15:53.64566+00
user22,000000016255,14,2026-04-10 07:15:53.64566+00
user22,000000016257,15,2026-04-10 07:15:53.64566+00
user22,000000016273,16,2026-04-10 07:15:53.64566+00
user22,000000016283,17,2026-04-10 07:15:53.64566+00
user22,000000016285,18,2026-04-10 07:15:53.64566+00
user22,000000016292,19,2026-04-10 07:15:53.64566+00
user22,000000016295,20,2026-04-10 07:15:53.64566+00
user22,000000016297,21,2026-04-10 07:15:53.64566+00
user22,000000016308,22,2026-04-10 07:15:53.64566+00
user22,000000016314,23,2026-04-10 07:15:53.64566+00
user22,000000016317,24,2026-04-10 07:15:53.64566+00
user22,000000016318,25,2026-04-10 07:15:53.64566+00
user22,000000016322,26,2026-04-10 07:15:53.64566+00
user22,000000016327,27,2026-04-10 07:15:53.64566+00
user22,000000016334,28,2026-04-10 07:15:53.64566+00
user22,000000016335,29,2026-04-10 07:15:53.64566+00
user22,000000016342,30,2026-04-10 07:15:53.755971+00
user22,000000016343,31,2026-04-10 07:15:53.755971+00
user22,000000016344,32,2026-04-10 07:15:53.755971+00
user22,000000016356,33,2026-04-10 07:15:53.755971+00
user22,000000016359,34,2026-04-10 07:15:53.755971+00
user22,000000016360,35,2026-04-10 07:15:53.755971+00
user22,000000016361,36,2026-04-10 07:15:53.755971+00
user22,000000016362,37,2026-04-10 07:15:53.755971+00
user22,000000016364,38,2026-04-10 07:15:53.755971+00
user22,000000016377,39,2026-04-10 07:15:53.755971+00
user22,000000016382,40,2026-04-10 07:15:53.755971+00
user22,000000016383,41,2026-04-10 07:15:53.755971+00
user22,000000016403,42,2026-04-10 07:15:53.755971+00
user22,000000016408,43,2026-04-10 07:15:53.755971+00
user22,000000016410,44,2026-04-10 07:15:53.755971+00
user22,000000016412,45,2026-04-10 07:15:53.755971+00
user22,000000016414,46,2026-04-10 07:15:53.755971+00
user22,000000016418,47,2026-04-10 07:15:53.755971+00
user22,000000016424,48,2026-04-10 07:15:53.755971+00
user22,000000016432,49,2026-04-10 07:15:53.755971+00
user23,000000016448,0,2026-04-10 07:15:53.755971+00
user23,000000016449,1,2026-04-10 07:15:53.755971+00
user23,000000016458,2,2026-04-10 07:15:53.755971+00
user23,000000016465,3,2026-04-10 07:15:53.755971+00
user23,000000016466,4,2026-04-10 07:15:53.755971+00
user23,000000016468,5,2026-04-10 07:15:53.755971+00
user23,000000016483,6,2026-04-10 07:15:53.755971+00
user23,000000016486,7,2026-04-10 07:15:53.755971+00
user23,000000016491,8,2026-04-10 07:15:53.755971+00
user23,000000016494,9,2026-04-10 07:15:53.755971+00
user23,000000016497,10,2026-04-10 07:15:53.755971+00
user23,000000016499,11,2026-04-10 07:15:53.755971+00
user23,000000016509,12,2026-04-10 07:15:53.755971+00
user23,000000016513,13,2026-04-10 07:15:53.755971+00
user23,000000016518,14,2026-04-10 07:15:53.755971+00
user23,000000016520,15,2026-04-10 07:15:53.755971+00
user23,000000016521,16,2026-04-10 07:15:53.755971+00
user23,000000016526,17,2026-04-10 07:15:53.755971+00
user23,000000016531,18,2026-04-10 07:15:53.755971+00
user23,000000016538,19,2026-04-10 07:15:53.755971+00
user23,000000016543,20,2026-04-10 07:15:53.755971+00
user23,000000016544,21,2026-04-10 07:15:53.755971+00
user23,000000016567,22,2026-04-10 07:15:53.755971+00
user23,000000016573,23,2026-04-10 07:15:53.755971+00
user23,000000016574,24,2026-04-10 07:15:53.755971+00
user23,000000016575,25,2026-04-10 07:15:53.755971+00
user23,000000016578,26,2026-04-10 07:15:53.755971+00
user23,000000016593,27,2026-04-10 07:15:53.755971+00
user23,000000016605,28,2026-04-10 07:15:53.755971+00
user23,000000016606,29,2026-04-10 07:15:53.755971+00
user23,000000016616,30,2026-04-10 07:15:53.755971+00
user23,000000016631,31,2026-04-10 07:15:53.755971+00
user23,000000016653,32,2026-04-10 07:15:53.755971+00
user23,000000016659,33,2026-04-10 07:15:53.755971+00
user23,000000016660,34,2026-04-10 07:15:53.755971+00
user23,000000016664,35,2026-04-10 07:15:53.755971+00
user23,000000016665,36,2026-04-10 07:15:53.755971+00
user23,000000016669,37,2026-04-10 07:15:53.755971+00
user23,000000016670,38,2026-04-10 07:15:53.755971+00
user23,000000016672,39,2026-04-10 07:15:53.755971+00
user23,000000016673,40,2026-04-10 07:15:53.755971+00
user23,000000016677,41,2026-04-10 07:15:53.755971+00
user23,000000016683,42,2026-04-10 07:15:53.755971+00
user23,000000016693,43,2026-04-10 07:15:53.755971+00
user23,000000016697,44,2026-04-10 07:15:53.755971+00
user23,000000016701,45,2026-04-10 07:15:53.755971+00
user23,000000016706,46,2026-04-10 07:15:53.755971+00
user23,000000016715,47,2026-04-10 07:15:53.755971+00
user23,000000016716,48,2026-04-10 07:15:53.755971+00
user23,000000016720,49,2026-04-10 07:15:53.755971+00
user24,000000016725,0,2026-04-10 07:15:53.755971+00
user24,000000016733,1,2026-04-10 07:15:53.755971+00
user24,000000016737,2,2026-04-10 07:15:53.755971+00
user24,000000016741,3,2026-04-10 07:15:53.755971+00
user24,000000016744,4,2026-04-10 07:15:53.755971+00
user24,000000016755,5,2026-04-10 07:15:53.755971+00
user24,000000016757,6,2026-04-10 07:15:53.755971+00
user24,000000016758,7,2026-04-10 07:15:53.755971+00
user24,000000016759,8,2026-04-10 07:15:53.755971+00
user24,000000016761,9,2026-04-10 07:15:53.755971+00
user24,000000016764,10,2026-04-10 07:15:53.755971+00
user24,000000016765,11,2026-04-10 07:15:53.755971+00
user24,000000016773,12,2026-04-10 07:15:53.755971+00
user24,000000016775,13,2026-04-10 07:15:53.755971+00
user24,000000016776,14,2026-04-10 07:15:53.755971+00
user24,000000016784,15,2026-04-10 07:15:53.755971+00
user24,000000016796,16,2026-04-10 07:15:53.755971+00
user24,000000016805,17,2026-04-10 07:15:53.755971+00
user24,000000016814,18,2026-04-10 07:15:53.755971+00
user24,000000016817,19,2026-04-10 07:15:53.755971+00
user24,000000016825,20,2026-04-10 07:15:53.755971+00
user24,000000016827,21,2026-04-10 07:15:53.755971+00
user24,000000016831,22,2026-04-10 07:15:53.755971+00
user24,000000016836,23,2026-04-10 07:15:53.755971+00
user24,000000016837,24,2026-04-10 07:15:53.755971+00
user24,000000016839,25,2026-04-10 07:15:53.755971+00
user24,000000016848,26,2026-04-10 07:15:53.755971+00
user24,000000016857,27,2026-04-10 07:15:53.755971+00
user24,000000016875,28,2026-04-10 07:15:53.755971+00
user24,000000016879,29,2026-04-10 07:15:53.755971+00
user24,000000016890,30,2026-04-10 07:15:53.850944+00
user24,000000016896,31,2026-04-10 07:15:53.850944+00
user24,000000016897,32,2026-04-10 07:15:53.850944+00
user24,000000016898,33,2026-04-10 07:15:53.850944+00
user24,000000016902,34,2026-04-10 07:15:53.850944+00
user24,000000016903,35,2026-04-10 07:15:53.850944+00
user24,000000016905,36,2026-04-10 07:15:53.850944+00
user24,000000016928,37,2026-04-10 07:15:53.850944+00
user24,000000016931,38,2026-04-10 07:15:53.850944+00
user24,000000016935,39,2026-04-10 07:15:53.850944+00
user24,000000016950,40,2026-04-10 07:15:53.850944+00
user24,000000016955,41,2026-04-10 07:15:53.850944+00
user24,000000016959,42,2026-04-10 07:15:53.850944+00
user24,000000016964,43,2026-04-10 07:15:53.850944+00
user24,000000016980,44,2026-04-10 07:15:53.850944+00
user24,000000016995,45,2026-04-10 07:15:53.850944+00
user24,000000017004,46,2026-04-10 07:15:53.850944+00
user24,000000017018,47,2026-04-10 07:15:53.850944+00
user24,000000017047,48,2026-04-10 07:15:53.850944+00
user24,000000017055,49,2026-04-10 07:15:53.850944+00
user3,000000010702,0,2026-04-10 07:15:52.567364+00
user3,000000010711,1,2026-04-10 07:15:52.567364+00
user3,000000010714,2,2026-04-10 07:15:52.567364+00
user3,000000010716,3,2026-04-10 07:15:52.567364+00
user3,000000010719,4,2026-04-10 07:15:52.567364+00
user3,000000010720,5,2026-04-10 07:15:52.567364+00
user3,000000010727,6,2026-04-10 07:15:52.567364+00
user3,000000010728,7,2026-04-10 07:15:52.567364+00
user3,000000010732,8,2026-04-10 07:15:52.567364+00
user3,000000010733,9,2026-04-10 07:15:52.567364+00
user3,000000010735,10,2026-04-10 07:15:52.567364+00
user3,000000010743,11,2026-04-10 07:15:52.567364+00
user3,000000010766,12,2026-04-10 07:15:52.567364+00
user3,000000010769,13,2026-04-10 07:15:52.567364+00
user3,000000010779,14,2026-04-10 07:15:52.567364+00
user3,000000010784,15,2026-04-10 07:15:52.567364+00
user3,000000010785,16,2026-04-10 07:15:52.567364+00
user3,000000010787,17,2026-04-10 07:15:52.567364+00
user3,000000010793,18,2026-04-10 07:15:52.567364+00
user3,000000010800,19,2026-04-10 07:15:52.567364+00
user3,000000010817,20,2026-04-10 07:15:52.567364+00
user3,000000010818,21,2026-04-10 07:15:52.567364+00
user3,000000010822,22,2026-04-10 07:15:52.567364+00
user3,000000010831,23,2026-04-10 07:15:52.567364+00
user3,000000010837,24,2026-04-10 07:15:52.567364+00
user3,000000010844,25,2026-04-10 07:15:52.567364+00
user3,000000010851,26,2026-04-10 07:15:52.567364+00
user3,000000010856,27,2026-04-10 07:15:52.567364+00
user3,000000010858,28,2026-04-10 07:15:52.567364+00
user3,000000010867,29,2026-04-10 07:15:52.567364+00
user3,000000010871,30,2026-04-10 07:15:52.567364+00
user3,000000010877,31,2026-04-10 07:15:52.567364+00
user3,000000010881,32,2026-04-10 07:15:52.567364+00
user3,000000010900,33,2026-04-10 07:15:52.567364+00
user3,000000010903,34,2026-04-10 07:15:52.567364+00
user3,000000010907,35,2026-04-10 07:15:52.567364+00
user3,000000010920,36,2026-04-10 07:15:52.567364+00
user3,000000010925,37,2026-04-10 07:15:52.567364+00
user3,000000010928,38,2026-04-10 07:15:52.567364+00
user3,000000010935,39,2026-04-10 07:15:52.567364+00
user3,000000010936,40,2026-04-10 07:15:52.567364+00
user3,000000010948,41,2026-04-10 07:15:52.567364+00
user3,000000010964,42,2026-04-10 07:15:52.567364+00
user3,000000010966,43,2026-04-10 07:15:52.567364+00
user3,000000010969,44,2026-04-10 07:15:52.567364+00
user3,000000010981,45,2026-04-10 07:15:52.567364+00
user3,000000010991,46,2026-04-10 07:15:52.567364+00
user3,000000011004,47,2026-04-10 07:15:52.567364+00
user3,000000011010,48,2026-04-10 07:15:52.567364+00
user3,000000011015,49,2026-04-10 07:15:52.567364+00
user4,000000011025,0,2026-04-10 07:15:52.567364+00
user4,000000011029,1,2026-04-10 07:15:52.567364+00
user4,000000011041,2,2026-04-10 07:15:52.567364+00
user4,000000011042,3,2026-04-10 07:15:52.567364+00
user4,000000011052,4,2026-04-10 07:15:52.567364+00
user4,000000011065,5,2026-04-10 07:15:52.567364+00
user4,000000011076,6,2026-04-10 07:15:52.567364+00
user4,000000011077,7,2026-04-10 07:15:52.567364+00
user4,000000011080,8,2026-04-10 07:15:52.567364+00
user4,000000011081,9,2026-04-10 07:15:52.567364+00
user4,000000011100,10,2026-04-10 07:15:52.567364+00
user4,000000011107,11,2026-04-10 07:15:52.567364+00
user4,000000011115,12,2026-04-10 07:15:52.567364+00
user4,000000011129,13,2026-04-10 07:15:52.567364+00
user4,000000011138,14,2026-04-10 07:15:52.567364+00
user4,000000011147,15,2026-04-10 07:15:52.567364+00
user4,000000011156,16,2026-04-10 07:15:52.567364+00
user4,000000011158,17,2026-04-10 07:15:52.567364+00
user4,000000011159,18,2026-04-10 07:15:52.567364+00
user4,000000011168,19,2026-04-10 07:15:52.567364+00
user4,000000011169,20,2026-04-10 07:15:52.567364+00
user4,000000011172,21,2026-04-10 07:15:52.567364+00
user4,000000011181,22,2026-04-10 07:15:52.567364+00
user4,000000011182,23,2026-04-10 07:15:52.567364+00
user4,000000011184,24,2026-04-10 07:15:52.567364+00
user4,000000011188,25,2026-04-10 07:15:52.567364+00
user4,000000011195,26,2026-04-10 07:15:52.567364+00
user4,000000011196,27,2026-04-10 07:15:52.567364+00
user4,000000011198,28,2026-04-10 07:15:52.567364+00
user4,000000011202,29,2026-04-10 07:15:52.567364+00
user4,000000011205,30,2026-04-10 07:15:52.703994+00
user4,000000011209,31,2026-04-10 07:15:52.703994+00
user4,000000011222,32,2026-04-10 07:15:52.703994+00
user4,000000011223,33,2026-04-10 07:15:52.703994+00
user4,000000011227,34,2026-04-10 07:15:52.703994+00
user4,000000011229,35,2026-04-10 07:15:52.703994+00
user4,000000011231,36,2026-04-10 07:15:52.703994+00
user4,000000011233,37,2026-04-10 07:15:52.703994+00
user4,000000011238,38,2026-04-10 07:15:52.703994+00
user4,000000011241,39,2026-04-10 07:15:52.703994+00
user4,000000011244,40,2026-04-10 07:15:52.703994+00
user4,000000011258,41,2026-04-10 07:15:52.703994+00
user4,000000011260,42,2026-04-10 07:15:52.703994+00
user4,000000011262,43,2026-04-10 07:15:52.703994+00
user4,000000011265,44,2026-04-10 07:15:52.703994+00
user4,000000011269,45,2026-04-10 07:15:52.703994+00
user4,000000011271,46,2026-04-10 07:15:52.703994+00
user4,000000011272,47,2026-04-10 07:15:52.703994+00
user4,000000011276,48,2026-04-10 07:15:52.703994+00
user4,000000011282,49,2026-04-10 07:15:52.703994+00
user5,000000011291,0,2026-04-10 07:15:52.703994+00
user5,000000011292,1,2026-04-10 07:15:52.703994+00
user5,000000011294,2,2026-04-10 07:15:52.703994+00
user5,000000011297,3,2026-04-10 07:15:52.703994+00
user5,000000011299,4,2026-04-10 07:15:52.703994+00
user5,000000011304,5,2026-04-10 07:15:52.703994+00
user5,000000011305,6,2026-04-10 07:15:52.703994+00
user5,000000011313,7,2026-04-10 07:15:52.703994+00
user5,000000011316,8,2026-04-10 07:15:52.703994+00
user5,000000011320,9,2026-04-10 07:15:52.703994+00
user5,000000011323,10,2026-04-10 07:15:52.703994+00
user5,000000011324,11,2026-04-10 07:15:52.703994+00
user5,000000011326,12,2026-04-10 07:15:52.703994+00
user5,000000011328,13,2026-04-10 07:15:52.703994+00
user5,000000011334,14,2026-04-10 07:15:52.703994+00
user5,000000011336,15,2026-04-10 07:15:52.703994+00
user5,000000011347,16,2026-04-10 07:15:52.703994+00
user5,000000011349,17,2026-04-10 07:15:52.703994+00
user5,000000011358,18,2026-04-10 07:15:52.703994+00
user5,000000011360,19,2026-04-10 07:15:52.703994+00
user5,000000011361,20,2026-04-10 07:15:52.703994+00
user5,000000011373,21,2026-04-10 07:15:52.703994+00
user5,000000011374,22,2026-04-10 07:15:52.703994+00
user5,000000011390,23,2026-04-10 07:15:52.703994+00
user5,000000011401,24,2026-04-10 07:15:52.703994+00
user5,000000011402,25,2026-04-10 07:15:52.703994+00
user5,000000011403,26,2026-04-10 07:15:52.703994+00
user5,000000011420,27,2026-04-10 07:15:52.703994+00
user5,000000011422,28,2026-04-10 07:15:52.703994+00
user5,000000011449,29,2026-04-10 07:15:52.703994+00
user5,000000011461,30,2026-04-10 07:15:52.703994+00
user5,000000011475,31,2026-04-10 07:15:52.703994+00
user5,000000011485,32,2026-04-10 07:15:52.703994+00
user5,000000011487,33,2026-04-10 07:15:52.703994+00
user5,000000011494,34,2026-04-10 07:15:52.703994+00
user5,000000011495,35,2026-04-10 07:15:52.703994+00
user5,000000011496,36,2026-04-10 07:15:52.703994+00
user5,000000011497,37,2026-04-10 07:15:52.703994+00
user5,000000011504,38,2026-04-10 07:15:52.703994+00
user5,000000011505,39,2026-04-10 07:15:52.703994+00
user5,000000011506,40,2026-04-10 07:15:52.703994+00
user5,000000011508,41,2026-04-10 07:15:52.703994+00
user5,000000011519,42,2026-04-10 07:15:52.703994+00
user5,000000011525,43,2026-04-10 07:15:52.703994+00
user5,000000011528,44,2026-04-10 07:15:52.703994+00
user5,000000011537,45,2026-04-10 07:15:52.703994+00
user5,000000011538,46,2026-04-10 07:15:52.703994+00
user5,000000011544,47,2026-04-10 07:15:52.703994+00
user5,000000011552,48,2026-04-10 07:15:52.703994+00
user5,000000011554,49,2026-04-10 07:15:52.703994+00
user6,000000011567,0,2026-04-10 07:15:52.703994+00
user6,000000011569,1,2026-04-10 07:15:52.703994+00
user6,000000011570,2,2026-04-10 07:15:52.703994+00
user6,000000011576,3,2026-04-10 07:15:52.703994+00
user6,000000011579,4,2026-04-10 07:15:52.703994+00
user6,000000011591,5,2026-04-10 07:15:52.703994+00
user6,000000011605,6,2026-04-10 07:15:52.703994+00
user6,000000011618,7,2026-04-10 07:15:52.703994+00
user6,000000011624,8,2026-04-10 07:15:52.703994+00
user6,000000011625,9,2026-04-10 07:15:52.703994+00
user6,000000011630,10,2026-04-10 07:15:52.703994+00
user6,000000011631,11,2026-04-10 07:15:52.703994+00
user6,000000011635,12,2026-04-10 07:15:52.703994+00
user6,000000011638,13,2026-04-10 07:15:52.703994+00
user6,000000011643,14,2026-04-10 07:15:52.703994+00
user6,000000011655,15,2026-04-10 07:15:52.703994+00
user6,000000011658,16,2026-04-10 07:15:52.703994+00
user6,000000011661,17,2026-04-10 07:15:52.703994+00
user6,000000011667,18,2026-04-10 07:15:52.703994+00
user6,000000011677,19,2026-04-10 07:15:52.703994+00
user6,000000011680,20,2026-04-10 07:15:52.703994+00
user6,000000011682,21,2026-04-10 07:15:52.703994+00
user6,000000011694,22,2026-04-10 07:15:52.703994+00
user6,000000011696,23,2026-04-10 07:15:52.703994+00
user6,000000011697,24,2026-04-10 07:15:52.703994+00
user6,000000011702,25,2026-04-10 07:15:52.703994+00
user6,000000011703,26,2026-04-10 07:15:52.703994+00
user6,000000011707,27,2026-04-10 07:15:52.703994+00
user6,000000011712,28,2026-04-10 07:15:52.703994+00
user6,000000011719,29,2026-04-10 07:15:52.703994+00
user6,000000011720,30,2026-04-10 07:15:52.8577+00
user6,000000011721,31,2026-04-10 07:15:52.8577+00
user6,000000011723,32,2026-04-10 07:15:52.8577+00
user6,000000011726,33,2026-04-10 07:15:52.8577+00
user6,000000011727,34,2026-04-10 07:15:52.8577+00
user6,000000011737,35,2026-04-10 07:15:52.8577+00
user6,000000011742,36,2026-04-10 07:15:52.8577+00
user6,000000011754,37,2026-04-10 07:15:52.8577+00
user6,000000011758,38,2026-04-10 07:15:52.8577+00
user6,000000011766,39,2026-04-10 07:15:52.8577+00
user6,000000011774,40,2026-04-10 07:15:52.8577+00
user6,000000011775,41,2026-04-10 07:15:52.8577+00
user6,000000011788,42,2026-04-10 07:15:52.8577+00
user6,000000011791,43,2026-04-10 07:15:52.8577+00
user6,000000011794,44,2026-04-10 07:15:52.8577+00
user6,000000011796,45,2026-04-10 07:15:52.8577+00
user6,000000011802,46,2026-04-10 07:15:52.8577+00
user6,000000011812,47,2026-04-10 07:15:52.8577+00
user6,000000011818,48,2026-04-10 07:15:52.8577+00
user6,000000011825,49,2026-04-10 07:15:52.8577+00
user7,000000011826,0,2026-04-10 07:15:52.8577+00
user7,000000011838,1,2026-04-10 07:15:52.8577+00
user7,000000011856,2,2026-04-10 07:15:52.8577+00
user7,000000011877,3,2026-04-10 07:15:52.8577+00
user7,000000011925,4,2026-04-10 07:15:52.8577+00
user7,000000011926,5,2026-04-10 07:15:52.8577+00
user7,000000011931,6,2026-04-10 07:15:52.8577+00
user7,000000011948,7,2026-04-10 07:15:52.8577+00
user7,000000011953,8,2026-04-10 07:15:52.8577+00
user7,000000011968,9,2026-04-10 07:15:52.8577+00
user7,000000011987,10,2026-04-10 07:15:52.8577+00
user7,000000011990,11,2026-04-10 07:15:52.8577+00
user7,000000012010,12,2026-04-10 07:15:52.8577+00
user7,000000012014,13,2026-04-10 07:15:52.8577+00
user7,000000012015,14,2026-04-10 07:15:52.8577+00
user7,000000012016,15,2026-04-10 07:15:52.8577+00
user7,000000012020,16,2026-04-10 07:15:52.8577+00
user7,000000012021,17,2026-04-10 07:15:52.8577+00
user7,000000012023,18,2026-04-10 07:15:52.8577+00
user7,000000012034,19,2026-04-10 07:15:52.8577+00
user7,000000012044,20,2026-04-10 07:15:52.8577+00
user7,000000012047,21,2026-04-10 07:15:52.8577+00
user7,000000012059,22,2026-04-10 07:15:52.8577+00
user7,000000012069,23,2026-04-10 07:15:52.8577+00
user7,000000012070,24,2026-04-10 07:15:52.8577+00
user7,000000012073,25,2026-04-10 07:15:52.8577+00
user7,000000012079,26,2026-04-10 07:15:52.8577+00
user7,000000012081,27,2026-04-10 07:15:52.8577+00
user7,000000012085,28,2026-04-10 07:15:52.8577+00
user7,000000012093,29,2026-04-10 07:15:52.8577+00
user7,000000012096,30,2026-04-10 07:15:52.8577+00
user7,000000012098,31,2026-04-10 07:15:52.8577+00
user7,000000012101,32,2026-04-10 07:15:52.8577+00
user7,000000012102,33,2026-04-10 07:15:52.8577+00
user7,000000012103,34,2026-04-10 07:15:52.8577+00
user7,000000012107,35,2026-04-10 07:15:52.8577+00
user7,000000012108,36,2026-04-10 07:15:52.8577+00
user7,000000012109,37,2026-04-10 07:15:52.8577+00
user7,000000012115,38,2026-04-10 07:15:52.8577+00
user7,000000012131,39,2026-04-10 07:15:52.8577+00
user7,000000012138,40,2026-04-10 07:15:52.8577+00
user7,000000012146,41,2026-04-10 07:15:52.8577+00
user7,000000012147,42,2026-04-10 07:15:52.8577+00
user7,000000012153,43,2026-04-10 07:15:52.8577+00
user7,000000012154,44,2026-04-10 07:15:52.8577+00
user7,000000012155,45,2026-04-10 07:15:52.8577+00
user7,000000012156,46,2026-04-10 07:15:52.8577+00
user7,000000012158,47,2026-04-10 07:15:52.8577+00
user7,000000012166,48,2026-04-10 07:15:52.8577+00
user7,000000012169,49,2026-04-10 07:15:52.8577+00
user8,000000012178,0,2026-04-10 07:15:52.8577+00
user8,000000012179,1,2026-04-10 07:15:52.8577+00
user8,000000012181,2,2026-04-10 07:15:52.8577+00
user8,000000012182,3,2026-04-10 07:15:52.8577+00
user8,000000012183,4,2026-04-10 07:15:52.8577+00
user8,000000012192,5,2026-04-10 07:15:52.8577+00
user8,000000012204,6,2026-04-10 07:15:52.8577+00
user8,000000012209,7,2026-04-10 07:15:52.8577+00
user8,000000012213,8,2026-04-10 07:15:52.8577+00
user8,000000012228,9,2026-04-10 07:15:52.8577+00
user8,000000012230,10,2026-04-10 07:15:52.8577+00
user8,000000012231,11,2026-04-10 07:15:52.8577+00
user8,000000012240,12,2026-04-10 07:15:52.8577+00
user8,000000012241,13,2026-04-10 07:15:52.8577+00
user8,000000012249,14,2026-04-10 07:15:52.8577+00
user8,000000012251,15,2026-04-10 07:15:52.8577+00
user8,000000012268,16,2026-04-10 07:15:52.8577+00
user8,000000012269,17,2026-04-10 07:15:52.8577+00
user8,000000012281,18,2026-04-10 07:15:52.8577+00
user8,000000012284,19,2026-04-10 07:15:52.8577+00
user8,000000012302,20,2026-04-10 07:15:52.8577+00
user8,000000012307,21,2026-04-10 07:15:52.8577+00
user8,000000012313,22,2026-04-10 07:15:52.8577+00
user8,000000012315,23,2026-04-10 07:15:52.8577+00
user8,000000012319,24,2026-04-10 07:15:52.8577+00
user8,000000012321,25,2026-04-10 07:15:52.8577+00
user8,000000012323,26,2026-04-10 07:15:52.8577+00
user8,000000012333,27,2026-04-10 07:15:52.8577+00
user8,000000012345,28,2026-04-10 07:15:52.8577+00
user8,000000012357,29,2026-04-10 07:15:52.8577+00
user8,000000012372,30,2026-04-10 07:15:52.985755+00
user8,000000012375,31,2026-04-10 07:15:52.985755+00
user8,000000012379,32,2026-04-10 07:15:52.985755+00
user8,000000012382,33,2026-04-10 07:15:52.985755+00
user8,000000012386,34,2026-04-10 07:15:52.985755+00
user8,000000012398,35,2026-04-10 07:15:52.985755+00
user8,000000012407,36,2026-04-10 07:15:52.985755+00
user8,000000012408,37,2026-04-10 07:15:52.985755+00
user8,000000012416,38,2026-04-10 07:15:52.985755+00
user8,000000012421,39,2026-04-10 07:15:52.985755+00
user8,000000012424,40,2026-04-10 07:15:52.985755+00
user8,000000012428,41,2026-04-10 07:15:52.985755+00
user8,000000012434,42,2026-04-10 07:15:52.985755+00
user8,000000012440,43,2026-04-10 07:15:52.985755+00
user8,000000012443,44,2026-04-10 07:15:52.985755+00
user8,000000012448,45,2026-04-10 07:15:52.985755+00
user8,000000012455,46,2026-04-10 07:15:52.985755+00
user8,000000012459,47,2026-04-10 07:15:52.985755+00
user8,000000012460,48,2026-04-10 07:15:52.985755+00
user8,000000012461,49,2026-04-10 07:15:52.985755+00
user9,000000012463,0,2026-04-10 07:15:52.985755+00
user9,000000012464,1,2026-04-10 07:15:52.985755+00
user9,000000012471,2,2026-04-10 07:15:52.985755+00
user9,000000012472,3,2026-04-10 07:15:52.985755+00
user9,000000012475,4,2026-04-10 07:15:52.985755+00
user9,000000012488,5,2026-04-10 07:15:52.985755+00
user9,000000012490,6,2026-04-10 07:15:52.985755+00
user9,000000012494,7,2026-04-10 07:15:52.985755+00
user9,000000012495,8,2026-04-10 07:15:52.985755+00
user9,000000012497,9,2026-04-10 07:15:52.985755+00
user9,000000012524,10,2026-04-10 07:15:52.985755+00
user9,000000012529,11,2026-04-10 07:15:52.985755+00
user9,000000012543,12,2026-04-10 07:15:52.985755+00
user9,000000012548,13,2026-04-10 07:15:52.985755+00
user9,000000012551,14,2026-04-10 07:15:52.985755+00
user9,000000012552,15,2026-04-10 07:15:52.985755+00
user9,000000012556,16,2026-04-10 07:15:52.985755+00
user9,000000012567,17,2026-04-10 07:15:52.985755+00
user9,000000012570,18,2026-04-10 07:15:52.985755+00
user9,000000012574,19,2026-04-10 07:15:52.985755+00
user9,000000012597,20,2026-04-10 07:15:52.985755+00
user9,000000012612,21,2026-04-10 07:15:52.985755+00
user9,000000012614,22,2026-04-10 07:15:52.985755+00
user9,000000012620,23,2026-04-10 07:15:52.985755+00
user9,000000012626,24,2026-04-10 07:15:52.985755+00
user9,000000012641,25,2026-04-10 07:15:52.985755+00
user9,000000012647,26,2026-04-10 07:15:52.985755+00
user9,000000012664,27,2026-04-10 07:15:52.985755+00
user9,000000012669,28,2026-04-10 07:15:52.985755+00
user9,000000012673,29,2026-04-10 07:15:52.985755+00
user9,000000012678,30,2026-04-10 07:15:52.985755+00
user9,000000012679,31,2026-04-10 07:15:52.985755+00
user9,000000012681,32,2026-04-10 07:15:52.985755+00
user9,000000012690,33,2026-04-10 07:15:52.985755+00
user9,000000012696,34,2026-04-10 07:15:52.985755+00
user9,000000012700,35,2026-04-10 07:15:52.985755+00
user9,000000012701,36,2026-04-10 07:15:52.985755+00
user9,000000012704,37,2026-04-10 07:15:52.985755+00
user9,000000012706,38,2026-04-10 07:15:52.985755+00
user9,000000012711,39,2026-04-10 07:15:52.985755+00
user9,000000012728,40,2026-04-10 07:15:52.985755+00
user9,000000012731,41,2026-04-10 07:15:52.985755+00
user9,000000012733,42,2026-04-10 07:15:52.985755+00
user9,000000012735,43,2026-04-10 07:15:52.985755+00
user9,000000012744,44,2026-04-10 07:15:52.985755+00
user9,000000012750,45,2026-04-10 07:15:52.985755+00
user9,000000012756,46,2026-04-10 07:15:52.985755+00
user9,000000012764,47,2026-04-10 07:15:52.985755+00
user9,000000012766,48,2026-04-10 07:15:52.985755+00
user9,000000012784,49,2026-04-10 07:15:52.985755+00